borough,complaint_type,count,date,ingested_at
BROOKLYN,Illegal Parking,826,2026-09-28T00:00:00.000,2026-09-30T19:52:26.061175+00:00
QUEENS,Illegal Parking,546,2026-09-28T00:00:00.000,2026-09-30T19:52:26.061175+00:00
BROOKLYN,Noise - Residential,391,2026-09-28T00:00:00.000,2026-09-30T19:52:26.061175+00:00
BRONX,Illegal Parking,285,2026-09-28T00:00:00.000,2026-09-30T19:52:26.061175+00:00
QUEENS,Damaged Tree,281,2026-09-28T00:00:00.000,2026-09-30T19:52:26.061175+00:00
BRONX,Noise - Residential,258,2026-09-28T00:00:00.000,2026-09-30T19:52:26.061175+00:00
BROOKLYN,UNSANITARY CONDITION,254,2026-09-28T00:00:00.000,2026-09-30T19:52:26.061175+00:00
MANHATTAN,Illegal Parking,247,2026-09-28T00:00:00.000,2026-09-30T19:52:26.061175+00:00
BROOKLYN,Blocked Driveway,225,2026-09-28T00:00:00.000,2026-09-30T19:52:26.061175+00:00
QUEENS,Blocked Driveway,224,2026-09-28T00:00:00.000,2026-09-30T19:52:26.061175+00:00
QUEENS,Noise - Residential,217,2026-09-28T00:00:00.000,2026-09-30T19:52:26.061175+00:00
BRONX,UNSANITARY CONDITION,187,2026-09-28T00:00:00.000,2026-09-30T19:52:26.061175+00:00
BROOKLYN,Damaged Tree,184,2026-09-28T00:00:00.000,2026-09-30T19:52:26.061175+00:00
MANHATTAN,Noise - Residential,159,2026-09-28T00:00:00.000,2026-09-30T19:52:26.061175+00:00
BROOKLYN,WATER LEAK,157,2026-09-28T00:00:00.000,2026-09-30T19:52:26.061175+00:00
MANHATTAN,UNSANITARY CONDITION,137,2026-09-28T00:00:00.000,2026-09-30T19:52:26.061175+00:00
BROOKLYN,Noise - Street/Sidewalk,135,2026-09-28T00:00:00.000,2026-09-30T19:52:26.061175+00:00
BROOKLYN,PLUMBING,116,2026-09-28T00:00:00.000,2026-09-30T19:52:26.061175+00:00
MANHATTAN,Noise - Street/Sidewalk,115,2026-09-28T00:00:00.000,2026-09-30T19:52:26.061175+00:00
BROOKLYN,PAINT/PLASTER,112,2026-09-28T00:00:00.000,2026-09-30T19:52:26.061175+00:00
BRONX,PAINT/PLASTER,108,2026-09-28T00:00:00.000,2026-09-30T19:52:26.061175+00:00
BRONX,Blocked Driveway,96,2026-09-28T00:00:00.000,2026-09-30T19:52:26.061175+00:00
BRONX,WATER LEAK,96,2026-09-28T00:00:00.000,2026-09-30T19:52:26.061175+00:00
BROOKLYN,DOOR/WINDOW,91,2026-09-28T00:00:00.000,2026-09-30T19:52:26.061175+00:00
QUEENS,Noise - Vehicle,91,2026-09-28T00:00:00.000,2026-09-30T19:52:26.061175+00:00
QUEENS,Street Condition,91,2026-09-28T00:00:00.000,2026-09-30T19:52:26.061175+00:00
MANHATTAN,PAINT/PLASTER,89,2026-09-28T00:00:00.000,2026-09-30T19:52:26.061175+00:00
QUEENS,Abandoned Vehicle,88,2026-09-28T00:00:00.000,2026-09-30T19:52:26.061175+00:00
BROOKLYN,Dirty Condition,87,2026-09-28T00:00:00.000,2026-09-30T19:52:26.061175+00:00
BROOKLYN,Sewer Maintenance,87,2026-09-28T00:00:00.000,2026-09-30T19:52:26.061175+00:00
STATEN ISLAND,Damaged Tree,86,2026-09-28T00:00:00.000,2026-09-30T19:52:26.061175+00:00
QUEENS,UNSANITARY CONDITION,84,2026-09-28T00:00:00.000,2026-09-30T19:52:26.061175+00:00
BRONX,PLUMBING,81,2026-09-28T00:00:00.000,2026-09-30T19:52:26.061175+00:00
MANHATTAN,HEAT/HOT WATER,81,2026-09-28T00:00:00.000,2026-09-30T19:52:26.061175+00:00
BROOKLYN,Water Maintenance,79,2026-09-28T00:00:00.000,2026-09-30T19:52:26.061175+00:00
MANHATTAN,WATER LEAK,77,2026-09-28T00:00:00.000,2026-09-30T19:52:26.061175+00:00
BROOKLYN,Overgrown Tree/Branches,76,2026-09-28T00:00:00.000,2026-09-30T19:52:26.061175+00:00
MANHATTAN,Homeless Person Assistance,75,2026-09-28T00:00:00.000,2026-09-30T19:52:26.061175+00:00
MANHATTAN,Traffic,74,2026-09-28T00:00:00.000,2026-09-30T19:52:26.061175+00:00
QUEENS,Sewer Maintenance,74,2026-09-28T00:00:00.000,2026-09-30T19:52:26.061175+00:00
QUEENS,Traffic Signal Condition,70,2026-09-28T00:00:00.000,2026-09-30T19:52:26.061175+00:00
QUEENS,General Construction/Plumbing,70,2026-09-28T00:00:00.000,2026-09-30T19:52:26.061175+00:00
BROOKLYN,HEAT/HOT WATER,70,2026-09-28T00:00:00.000,2026-09-30T19:52:26.061175+00:00
BROOKLYN,Noise,70,2026-09-28T00:00:00.000,2026-09-30T19:52:26.061175+00:00
BRONX,HEAT/HOT WATER,69,2026-09-28T00:00:00.000,2026-09-30T19:52:26.061175+00:00
MANHATTAN,Encampment,68,2026-09-28T00:00:00.000,2026-09-30T19:52:26.061175+00:00
BROOKLYN,Abandoned Vehicle,68,2026-09-28T00:00:00.000,2026-09-30T19:52:26.061175+00:00
BROOKLYN,Street Condition,66,2026-09-28T00:00:00.000,2026-09-30T19:52:26.061175+00:00
BROOKLYN,Traffic Signal Condition,66,2026-09-28T00:00:00.000,2026-09-30T19:52:26.061175+00:00
MANHATTAN,Noise,65,2026-09-28T00:00:00.000,2026-09-30T19:52:26.061175+00:00
BROOKLYN,Graffiti,65,2026-09-28T00:00:00.000,2026-09-30T19:52:26.061175+00:00
BROOKLYN,Street Light Condition,64,2026-09-28T00:00:00.000,2026-09-30T19:52:26.061175+00:00
QUEENS,Overgrown Tree/Branches,62,2026-09-28T00:00:00.000,2026-09-30T19:52:26.061175+00:00
BRONX,Noise - Street/Sidewalk,61,2026-09-28T00:00:00.000,2026-09-30T19:52:26.061175+00:00
QUEENS,Noise - Street/Sidewalk,59,2026-09-28T00:00:00.000,2026-09-30T19:52:26.061175+00:00
STATEN ISLAND,Illegal Parking,54,2026-09-28T00:00:00.000,2026-09-30T19:52:26.061175+00:00
MANHATTAN,Traffic Signal Condition,54,2026-09-28T00:00:00.000,2026-09-30T19:52:26.061175+00:00
BROOKLYN,GENERAL,53,2026-09-28T00:00:00.000,2026-09-30T19:52:26.061175+00:00
MANHATTAN,DOOR/WINDOW,50,2026-09-28T00:00:00.000,2026-09-30T19:52:26.061175+00:00
BRONX,ELECTRIC,49,2026-09-28T00:00:00.000,2026-09-30T19:52:26.061175+00:00
MANHATTAN,PLUMBING,49,2026-09-28T00:00:00.000,2026-09-30T19:52:26.061175+00:00
BRONX,Street Condition,48,2026-09-28T00:00:00.000,2026-09-30T19:52:26.061175+00:00
BROOKLYN,ELECTRIC,48,2026-09-28T00:00:00.000,2026-09-30T19:52:26.061175+00:00
MANHATTAN,Dirty Condition,47,2026-09-28T00:00:00.000,2026-09-30T19:52:26.061175+00:00
MANHATTAN,GENERAL,46,2026-09-28T00:00:00.000,2026-09-30T19:52:26.061175+00:00
QUEENS,Street Light Condition,46,2026-09-28T00:00:00.000,2026-09-30T19:52:26.061175+00:00
QUEENS,Dirty Condition,46,2026-09-28T00:00:00.000,2026-09-30T19:52:26.061175+00:00
BRONX,DOOR/WINDOW,46,2026-09-28T00:00:00.000,2026-09-30T19:52:26.061175+00:00
QUEENS,Illegal Dumping,45,2026-09-28T00:00:00.000,2026-09-30T19:52:26.061175+00:00
QUEENS,GENERAL,45,2026-09-28T00:00:00.000,2026-09-30T19:52:26.061175+00:00
BROOKLYN,Illegal Dumping,44,2026-09-28T00:00:00.000,2026-09-30T19:52:26.061175+00:00
BROOKLYN,FLOORING/STAIRS,43,2026-09-28T00:00:00.000,2026-09-30T19:52:26.061175+00:00
BROOKLYN,General Construction/Plumbing,43,2026-09-28T00:00:00.000,2026-09-30T19:52:26.061175+00:00
QUEENS,PLUMBING,42,2026-09-28T00:00:00.000,2026-09-30T19:52:26.061175+00:00
BROOKLYN,Noise - Commercial,42,2026-09-28T00:00:00.000,2026-09-30T19:52:26.061175+00:00
BRONX,GENERAL,41,2026-09-28T00:00:00.000,2026-09-30T19:52:26.061175+00:00
BRONX,FLOORING/STAIRS,41,2026-09-28T00:00:00.000,2026-09-30T19:52:26.061175+00:00
STATEN ISLAND,Noise - Residential,38,2026-09-28T00:00:00.000,2026-09-30T19:52:26.061175+00:00
QUEENS,Dead/Dying Tree,38,2026-09-28T00:00:00.000,2026-09-30T19:52:26.061175+00:00
MANHATTAN,Street Condition,37,2026-09-28T00:00:00.000,2026-09-30T19:52:26.061175+00:00
BROOKLYN,Rodent,37,2026-09-28T00:00:00.000,2026-09-30T19:52:26.061175+00:00
BRONX,Traffic Signal Condition,37,2026-09-28T00:00:00.000,2026-09-30T19:52:26.061175+00:00
QUEENS,WATER LEAK,36,2026-09-28T00:00:00.000,2026-09-30T19:52:26.061175+00:00
BROOKLYN,APPLIANCE,36,2026-09-28T00:00:00.000,2026-09-30T19:52:26.061175+00:00
MANHATTAN,Noise - Commercial,36,2026-09-28T00:00:00.000,2026-09-30T19:52:26.061175+00:00
MANHATTAN,Noise - Vehicle,35,2026-09-28T00:00:00.000,2026-09-30T19:52:26.061175+00:00
BRONX,Street Light Condition,32,2026-09-28T00:00:00.000,2026-09-30T19:52:26.061175+00:00
QUEENS,HEAT/HOT WATER,32,2026-09-28T00:00:00.000,2026-09-30T19:52:26.061175+00:00
MANHATTAN,ELECTRIC,32,2026-09-28T00:00:00.000,2026-09-30T19:52:26.061175+00:00
QUEENS,Rodent,32,2026-09-28T00:00:00.000,2026-09-30T19:52:26.061175+00:00
QUEENS,PAINT/PLASTER,32,2026-09-28T00:00:00.000,2026-09-30T19:52:26.061175+00:00
QUEENS,Noise,31,2026-09-28T00:00:00.000,2026-09-30T19:52:26.061175+00:00
BROOKLYN,Missed Collection,31,2026-09-28T00:00:00.000,2026-09-30T19:52:26.061175+00:00
BRONX,Damaged Tree,31,2026-09-28T00:00:00.000,2026-09-30T19:52:26.061175+00:00
MANHATTAN,For Hire Vehicle Complaint,30,2026-09-28T00:00:00.000,2026-09-30T19:52:26.061175+00:00
MANHATTAN,Damaged Tree,30,2026-09-28T00:00:00.000,2026-09-30T19:52:26.061175+00:00
QUEENS,Water Maintenance,30,2026-09-28T00:00:00.000,2026-09-30T19:52:26.061175+00:00
BRONX,APPLIANCE,30,2026-09-28T00:00:00.000,2026-09-30T19:52:26.061175+00:00
MANHATTAN,Vendor Enforcement,30,2026-09-28T00:00:00.000,2026-09-30T19:52:26.061175+00:00
MANHATTAN,Rodent,28,2026-09-28T00:00:00.000,2026-09-30T19:52:26.061175+00:00
STATEN ISLAND,Overgrown Tree/Branches,27,2026-09-28T00:00:00.000,2026-09-30T19:52:26.061175+00:00
BROOKLYN,Homeless Person Assistance,27,2026-09-28T00:00:00.000,2026-09-30T19:52:26.061175+00:00
MANHATTAN,APPLIANCE,27,2026-09-28T00:00:00.000,2026-09-30T19:52:26.061175+00:00
QUEENS,Sidewalk Condition,26,2026-09-28T00:00:00.000,2026-09-30T19:52:26.061175+00:00
QUEENS,DOOR/WINDOW,26,2026-09-28T00:00:00.000,2026-09-30T19:52:26.061175+00:00
BROOKLYN,Consumer Complaint,26,2026-09-28T00:00:00.000,2026-09-30T19:52:26.061175+00:00
BRONX,Dirty Condition,25,2026-09-28T00:00:00.000,2026-09-30T19:52:26.061175+00:00
BRONX,Abandoned Vehicle,25,2026-09-28T00:00:00.000,2026-09-30T19:52:26.061175+00:00
QUEENS,ELECTRIC,25,2026-09-28T00:00:00.000,2026-09-30T19:52:26.061175+00:00
BROOKLYN,Sidewalk Condition,25,2026-09-28T00:00:00.000,2026-09-30T19:52:26.061175+00:00
QUEENS,Obstruction,24,2026-09-28T00:00:00.000,2026-09-30T19:52:26.061175+00:00
MANHATTAN,Consumer Complaint,24,2026-09-28T00:00:00.000,2026-09-30T19:52:26.061175+00:00
MANHATTAN,Street Light Condition,23,2026-09-28T00:00:00.000,2026-09-30T19:52:26.061175+00:00
MANHATTAN,FLOORING/STAIRS,23,2026-09-28T00:00:00.000,2026-09-30T19:52:26.061175+00:00
BROOKLYN,Noise - Vehicle,23,2026-09-28T00:00:00.000,2026-09-30T19:52:26.061175+00:00
BROOKLYN,Maintenance or Facility,23,2026-09-28T00:00:00.000,2026-09-30T19:52:26.061175+00:00
BROOKLYN,Encampment,23,2026-09-28T00:00:00.000,2026-09-30T19:52:26.061175+00:00
QUEENS,Dead Animal,22,2026-09-28T00:00:00.000,2026-09-30T19:52:26.061175+00:00
QUEENS,Building/Use,22,2026-09-28T00:00:00.000,2026-09-30T19:52:26.061175+00:00
QUEENS,Noise - Commercial,22,2026-09-28T00:00:00.000,2026-09-30T19:52:26.061175+00:00
BROOKLYN,For Hire Vehicle Complaint,21,2026-09-28T00:00:00.000,2026-09-30T19:52:26.061175+00:00
BROOKLYN,SAFETY,21,2026-09-28T00:00:00.000,2026-09-30T19:52:26.061175+00:00
QUEENS,Root/Sewer/Sidewalk Condition,21,2026-09-28T00:00:00.000,2026-09-30T19:52:26.061175+00:00
BROOKLYN,Residential Disposal Complaint,21,2026-09-28T00:00:00.000,2026-09-30T19:52:26.061175+00:00
BROOKLYN,Street Sweeping Complaint,21,2026-09-28T00:00:00.000,2026-09-30T19:52:26.061175+00:00
STATEN ISLAND,Street Light Condition,21,2026-09-28T00:00:00.000,2026-09-30T19:52:26.061175+00:00
BROOKLYN,Lead,20,2026-09-28T00:00:00.000,2026-09-30T19:52:26.061175+00:00
BRONX,Water Maintenance,20,2026-09-28T00:00:00.000,2026-09-30T19:52:26.061175+00:00
MANHATTAN,Maintenance or Facility,20,2026-09-28T00:00:00.000,2026-09-30T19:52:26.061175+00:00
BRONX,Noise,20,2026-09-28T00:00:00.000,2026-09-30T19:52:26.061175+00:00
MANHATTAN,Illegal Dumping,20,2026-09-28T00:00:00.000,2026-09-30T19:52:26.061175+00:00
BRONX,Sidewalk Condition,20,2026-09-28T00:00:00.000,2026-09-30T19:52:26.061175+00:00
BROOKLYN,Elevator,20,2026-09-28T00:00:00.000,2026-09-30T19:52:26.061175+00:00
BRONX,Sewer Maintenance,19,2026-09-28T00:00:00.000,2026-09-30T19:52:26.061175+00:00
STATEN ISLAND,Sewer Maintenance,19,2026-09-28T00:00:00.000,2026-09-30T19:52:26.061175+00:00
QUEENS,Drug Activity,19,2026-09-28T00:00:00.000,2026-09-30T19:52:26.061175+00:00
BRONX,Noise - Commercial,19,2026-09-28T00:00:00.000,2026-09-30T19:52:26.061175+00:00
MANHATTAN,Water Maintenance,19,2026-09-28T00:00:00.000,2026-09-30T19:52:26.061175+00:00
MANHATTAN,Non-Emergency Police Matter,19,2026-09-28T00:00:00.000,2026-09-30T19:52:26.061175+00:00
MANHATTAN,General Construction/Plumbing,18,2026-09-28T00:00:00.000,2026-09-30T19:52:26.061175+00:00
BRONX,Overgrown Tree/Branches,18,2026-09-28T00:00:00.000,2026-09-30T19:52:26.061175+00:00
QUEENS,Food Establishment,18,2026-09-28T00:00:00.000,2026-09-30T19:52:26.061175+00:00
MANHATTAN,Air Quality,18,2026-09-28T00:00:00.000,2026-09-30T19:52:26.061175+00:00
BROOKLYN,Non-Emergency Police Matter,17,2026-09-28T00:00:00.000,2026-09-30T19:52:26.061175+00:00
BROOKLYN,Dead/Dying Tree,17,2026-09-28T00:00:00.000,2026-09-30T19:52:26.061175+00:00
BRONX,Elevator,17,2026-09-28T00:00:00.000,2026-09-30T19:52:26.061175+00:00
QUEENS,Taxi Complaint,17,2026-09-28T00:00:00.000,2026-09-30T19:52:26.061175+00:00
QUEENS,Broken Parking Meter,16,2026-09-28T00:00:00.000,2026-09-30T19:52:26.061175+00:00
MANHATTAN,Indoor Air Quality,16,2026-09-28T00:00:00.000,2026-09-30T19:52:26.061175+00:00
QUEENS,APPLIANCE,16,2026-09-28T00:00:00.000,2026-09-30T19:52:26.061175+00:00
STATEN ISLAND,Abandoned Vehicle,16,2026-09-28T00:00:00.000,2026-09-30T19:52:26.061175+00:00
QUEENS,Derelict Vehicles,16,2026-09-28T00:00:00.000,2026-09-30T19:52:26.061175+00:00
BROOKLYN,Obstruction,16,2026-09-28T00:00:00.000,2026-09-30T19:52:26.061175+00:00
QUEENS,For Hire Vehicle Complaint,15,2026-09-28T00:00:00.000,2026-09-30T19:52:26.061175+00:00
QUEENS,Residential Disposal Complaint,15,2026-09-28T00:00:00.000,2026-09-30T19:52:26.061175+00:00
MANHATTAN,Sewer Maintenance,15,2026-09-28T00:00:00.000,2026-09-30T19:52:26.061175+00:00
MANHATTAN,Food Establishment,15,2026-09-28T00:00:00.000,2026-09-30T19:52:26.061175+00:00
BROOKLYN,Food Establishment,15,2026-09-28T00:00:00.000,2026-09-30T19:52:26.061175+00:00
BRONX,Panhandling,15,2026-09-28T00:00:00.000,2026-09-30T19:52:26.061175+00:00
BROOKLYN,Derelict Vehicles,15,2026-09-28T00:00:00.000,2026-09-30T19:52:26.061175+00:00
BROOKLYN,Root/Sewer/Sidewalk Condition,14,2026-09-28T00:00:00.000,2026-09-30T19:52:26.061175+00:00
BRONX,Illegal Dumping,14,2026-09-28T00:00:00.000,2026-09-30T19:52:26.061175+00:00
QUEENS,Illegal Tree Damage,14,2026-09-28T00:00:00.000,2026-09-30T19:52:26.061175+00:00
QUEENS,Maintenance or Facility,14,2026-09-28T00:00:00.000,2026-09-30T19:52:26.061175+00:00
QUEENS,Lead,14,2026-09-28T00:00:00.000,2026-09-30T19:52:26.061175+00:00
BROOKLYN,Building/Use,13,2026-09-28T00:00:00.000,2026-09-30T19:52:26.061175+00:00
STATEN ISLAND,Street Condition,13,2026-09-28T00:00:00.000,2026-09-30T19:52:26.061175+00:00
BRONX,Animal-Abuse,13,2026-09-28T00:00:00.000,2026-09-30T19:52:26.061175+00:00
QUEENS,Consumer Complaint,13,2026-09-28T00:00:00.000,2026-09-30T19:52:26.061175+00:00
MANHATTAN,Taxi Complaint,13,2026-09-28T00:00:00.000,2026-09-30T19:52:26.061175+00:00
QUEENS,Air Quality,13,2026-09-28T00:00:00.000,2026-09-30T19:52:26.061175+00:00
QUEENS,Animal-Abuse,13,2026-09-28T00:00:00.000,2026-09-30T19:52:26.061175+00:00
QUEENS,FLOORING/STAIRS,13,2026-09-28T00:00:00.000,2026-09-30T19:52:26.061175+00:00
MANHATTAN,Blocked Driveway,13,2026-09-28T00:00:00.000,2026-09-30T19:52:26.061175+00:00
STATEN ISLAND,Obstruction,12,2026-09-28T00:00:00.000,2026-09-30T19:52:26.061175+00:00
QUEENS,Wood Pile Remaining,12,2026-09-28T00:00:00.000,2026-09-30T19:52:26.061175+00:00
STATEN ISLAND,Traffic Signal Condition,12,2026-09-28T00:00:00.000,2026-09-30T19:52:26.061175+00:00
BRONX,Consumer Complaint,12,2026-09-28T00:00:00.000,2026-09-30T19:52:26.061175+00:00
MANHATTAN,Lost Property,12,2026-09-28T00:00:00.000,2026-09-30T19:52:26.061175+00:00
BRONX,Noise - Vehicle,12,2026-09-28T00:00:00.000,2026-09-30T19:52:26.061175+00:00
QUEENS,Non-Emergency Police Matter,12,2026-09-28T00:00:00.000,2026-09-30T19:52:26.061175+00:00
QUEENS,Homeless Person Assistance,11,2026-09-28T00:00:00.000,2026-09-30T19:52:26.061175+00:00
BRONX,SAFETY,11,2026-09-28T00:00:00.000,2026-09-30T19:52:26.061175+00:00
QUEENS,Traffic,11,2026-09-28T00:00:00.000,2026-09-30T19:52:26.061175+00:00
BROOKLYN,Animal-Abuse,11,2026-09-28T00:00:00.000,2026-09-30T19:52:26.061175+00:00
BROOKLYN,Illegal Tree Damage,11,2026-09-28T00:00:00.000,2026-09-30T19:52:26.061175+00:00
MANHATTAN,SAFETY,10,2026-09-28T00:00:00.000,2026-09-30T19:52:26.061175+00:00
MANHATTAN,Obstruction,10,2026-09-28T00:00:00.000,2026-09-30T19:52:26.061175+00:00
MANHATTAN,Panhandling,10,2026-09-28T00:00:00.000,2026-09-30T19:52:26.061175+00:00
QUEENS,Street Sweeping Complaint,10,2026-09-28T00:00:00.000,2026-09-30T19:52:26.061175+00:00
BROOKLYN,Street Sign - Dangling,10,2026-09-28T00:00:00.000,2026-09-30T19:52:26.061175+00:00
BRONX,Rodent,9,2026-09-28T00:00:00.000,2026-09-30T19:52:26.061175+00:00
MANHATTAN,Graffiti,9,2026-09-28T00:00:00.000,2026-09-30T19:52:26.061175+00:00
QUEENS,Missed Collection,9,2026-09-28T00:00:00.000,2026-09-30T19:52:26.061175+00:00
BRONX,Non-Emergency Police Matter,9,2026-09-28T00:00:00.000,2026-09-30T19:52:26.061175+00:00
QUEENS,Indoor Air Quality,9,2026-09-28T00:00:00.000,2026-09-30T19:52:26.061175+00:00
STATEN ISLAND,Missed Collection,9,2026-09-28T00:00:00.000,2026-09-30T19:52:26.061175+00:00
MANHATTAN,Elevator,9,2026-09-28T00:00:00.000,2026-09-30T19:52:26.061175+00:00
BRONX,General Construction/Plumbing,9,2026-09-28T00:00:00.000,2026-09-30T19:52:26.061175+00:00
BROOKLYN,Air Quality,9,2026-09-28T00:00:00.000,2026-09-30T19:52:26.061175+00:00
STATEN ISLAND,Blocked Driveway,9,2026-09-28T00:00:00.000,2026-09-30T19:52:26.061175+00:00
QUEENS,Noise - House of Worship,9,2026-09-28T00:00:00.000,2026-09-30T19:52:26.061175+00:00
QUEENS,Elevator,8,2026-09-28T00:00:00.000,2026-09-30T19:52:26.061175+00:00
QUEENS,Highway Condition,8,2026-09-28T00:00:00.000,2026-09-30T19:52:26.061175+00:00
BROOKLYN,Litter Basket Request,8,2026-09-28T00:00:00.000,2026-09-30T19:52:26.061175+00:00
MANHATTAN,Lead,8,2026-09-28T00:00:00.000,2026-09-30T19:52:26.061175+00:00
MANHATTAN,Building/Use,8,2026-09-28T00:00:00.000,2026-09-30T19:52:26.061175+00:00
STATEN ISLAND,UNSANITARY CONDITION,8,2026-09-28T00:00:00.000,2026-09-30T19:52:26.061175+00:00
BRONX,Obstruction,8,2026-09-28T00:00:00.000,2026-09-30T19:52:26.061175+00:00
BRONX,Derelict Vehicles,8,2026-09-28T00:00:00.000,2026-09-30T19:52:26.061175+00:00
BROOKLYN,Dead Animal,8,2026-09-28T00:00:00.000,2026-09-30T19:52:26.061175+00:00
BROOKLYN,Curb Condition,8,2026-09-28T00:00:00.000,2026-09-30T19:52:26.061175+00:00
Unspecified,Damaged Tree,8,2026-09-28T00:00:00.000,2026-09-30T19:52:26.061175+00:00
MANHATTAN,Abandoned Vehicle,7,2026-09-28T00:00:00.000,2026-09-30T19:52:26.061175+00:00
MANHATTAN,Unleashed Dog,7,2026-09-28T00:00:00.000,2026-09-30T19:52:26.061175+00:00
BRONX,Indoor Air Quality,7,2026-09-28T00:00:00.000,2026-09-30T19:52:26.061175+00:00
MANHATTAN,Missed Collection,7,2026-09-28T00:00:00.000,2026-09-30T19:52:26.061175+00:00
QUEENS,Panhandling,7,2026-09-28T00:00:00.000,2026-09-30T19:52:26.061175+00:00
QUEENS,Special Projects Inspection Team (SPIT),7,2026-09-28T00:00:00.000,2026-09-30T19:52:26.061175+00:00
QUEENS,Curb Condition,7,2026-09-28T00:00:00.000,2026-09-30T19:52:26.061175+00:00
BROOKLYN,Broken Parking Meter,7,2026-09-28T00:00:00.000,2026-09-30T19:52:26.061175+00:00
MANHATTAN,Sidewalk Condition,7,2026-09-28T00:00:00.000,2026-09-30T19:52:26.061175+00:00
BRONX,Root/Sewer/Sidewalk Condition,7,2026-09-28T00:00:00.000,2026-09-30T19:52:26.061175+00:00
STATEN ISLAND,Noise,7,2026-09-28T00:00:00.000,2026-09-30T19:52:26.061175+00:00
STATEN ISLAND,Residential Disposal Complaint,7,2026-09-28T00:00:00.000,2026-09-30T19:52:26.061175+00:00
BROOKLYN,Construction Lead Dust,7,2026-09-28T00:00:00.000,2026-09-30T19:52:26.061175+00:00
STATEN ISLAND,Dirty Condition,7,2026-09-28T00:00:00.000,2026-09-30T19:52:26.061175+00:00
STATEN ISLAND,PAINT/PLASTER,7,2026-09-28T00:00:00.000,2026-09-30T19:52:26.061175+00:00
MANHATTAN,Street Sign - Dangling,7,2026-09-28T00:00:00.000,2026-09-30T19:52:26.061175+00:00
STATEN ISLAND,Illegal Dumping,7,2026-09-28T00:00:00.000,2026-09-30T19:52:26.061175+00:00
BROOKLYN,Drug Activity,6,2026-09-28T00:00:00.000,2026-09-30T19:52:26.061175+00:00
BRONX,Drug Activity,6,2026-09-28T00:00:00.000,2026-09-30T19:52:26.061175+00:00
STATEN ISLAND,Noise - Street/Sidewalk,6,2026-09-28T00:00:00.000,2026-09-30T19:52:26.061175+00:00
BRONX,Dead/Dying Tree,6,2026-09-28T00:00:00.000,2026-09-30T19:52:26.061175+00:00
STATEN ISLAND,Wood Pile Remaining,6,2026-09-28T00:00:00.000,2026-09-30T19:52:26.061175+00:00
BRONX,Building/Use,6,2026-09-28T00:00:00.000,2026-09-30T19:52:26.061175+00:00
BRONX,Encampment,6,2026-09-28T00:00:00.000,2026-09-30T19:52:26.061175+00:00
MANHATTAN,Litter Basket Request,6,2026-09-28T00:00:00.000,2026-09-30T19:52:26.061175+00:00
QUEENS,Street Sign - Dangling,6,2026-09-28T00:00:00.000,2026-09-30T19:52:26.061175+00:00
BRONX,Graffiti,6,2026-09-28T00:00:00.000,2026-09-30T19:52:26.061175+00:00
MANHATTAN,Residential Disposal Complaint,6,2026-09-28T00:00:00.000,2026-09-30T19:52:26.061175+00:00
MANHATTAN,Curb Condition,6,2026-09-28T00:00:00.000,2026-09-30T19:52:26.061175+00:00
STATEN ISLAND,SAFETY,6,2026-09-28T00:00:00.000,2026-09-30T19:52:26.061175+00:00
BROOKLYN,Animal in a Park,6,2026-09-28T00:00:00.000,2026-09-30T19:52:26.061175+00:00
MANHATTAN,Cannabis Retailer,6,2026-09-28T00:00:00.000,2026-09-30T19:52:26.061175+00:00
MANHATTAN,Outdoor Dining,6,2026-09-28T00:00:00.000,2026-09-30T19:52:26.061175+00:00
BROOKLYN,Cannabis Retailer,6,2026-09-28T00:00:00.000,2026-09-30T19:52:26.061175+00:00
BRONX,Smoking or Vaping,6,2026-09-28T00:00:00.000,2026-09-30T19:52:26.061175+00:00
BRONX,Street Sign - Missing,5,2026-09-28T00:00:00.000,2026-09-30T19:52:26.061175+00:00
BROOKLYN,Panhandling,5,2026-09-28T00:00:00.000,2026-09-30T19:52:26.061175+00:00
BROOKLYN,Noise - House of Worship,5,2026-09-28T00:00:00.000,2026-09-30T19:52:26.061175+00:00
BRONX,Missed Collection,5,2026-09-28T00:00:00.000,2026-09-30T19:52:26.061175+00:00
BRONX,Lead,5,2026-09-28T00:00:00.000,2026-09-30T19:52:26.061175+00:00
STATEN ISLAND,Hazardous Material,5,2026-09-28T00:00:00.000,2026-09-30T19:52:26.061175+00:00
MANHATTAN,Food Poisoning,5,2026-09-28T00:00:00.000,2026-09-30T19:52:26.061175+00:00
MANHATTAN,Smoking or Vaping,5,2026-09-28T00:00:00.000,2026-09-30T19:52:26.061175+00:00
BRONX,Street Sign - Dangling,5,2026-09-28T00:00:00.000,2026-09-30T19:52:26.061175+00:00
STATEN ISLAND,WATER LEAK,5,2026-09-28T00:00:00.000,2026-09-30T19:52:26.061175+00:00
STATEN ISLAND,Water Maintenance,5,2026-09-28T00:00:00.000,2026-09-30T19:52:26.061175+00:00
STATEN ISLAND,Dead/Dying Tree,5,2026-09-28T00:00:00.000,2026-09-30T19:52:26.061175+00:00
STATEN ISLAND,DOOR/WINDOW,5,2026-09-28T00:00:00.000,2026-09-30T19:52:26.061175+00:00
STATEN ISLAND,Root/Sewer/Sidewalk Condition,5,2026-09-28T00:00:00.000,2026-09-30T19:52:26.061175+00:00
BROOKLYN,Illegal Posting,5,2026-09-28T00:00:00.000,2026-09-30T19:52:26.061175+00:00
QUEENS,Smoking or Vaping,5,2026-09-28T00:00:00.000,2026-09-30T19:52:26.061175+00:00
QUEENS,SAFETY,5,2026-09-28T00:00:00.000,2026-09-30T19:52:26.061175+00:00
QUEENS,Lost Property,5,2026-09-28T00:00:00.000,2026-09-30T19:52:26.061175+00:00
BROOKLYN,Real Time Enforcement,5,2026-09-28T00:00:00.000,2026-09-30T19:52:26.061175+00:00
QUEENS,Plumbing,5,2026-09-28T00:00:00.000,2026-09-30T19:52:26.061175+00:00
BROOKLYN,Sanitation Worker or Vehicle Complaint,5,2026-09-28T00:00:00.000,2026-09-30T19:52:26.061175+00:00
BROOKLYN,Outdoor Dining,5,2026-09-28T00:00:00.000,2026-09-30T19:52:26.061175+00:00
QUEENS,Graffiti,5,2026-09-28T00:00:00.000,2026-09-30T19:52:26.061175+00:00
BROOKLYN,Wood Pile Remaining,5,2026-09-28T00:00:00.000,2026-09-30T19:52:26.061175+00:00
MANHATTAN,Overgrown Tree/Branches,5,2026-09-28T00:00:00.000,2026-09-30T19:52:26.061175+00:00
QUEENS,Encampment,5,2026-09-28T00:00:00.000,2026-09-30T19:52:26.061175+00:00
QUEENS,Vendor Enforcement,4,2026-09-28T00:00:00.000,2026-09-30T19:52:26.061175+00:00
BROOKLYN,Commercial Disposal Complaint,4,2026-09-28T00:00:00.000,2026-09-30T19:52:26.061175+00:00
STATEN ISLAND,Street Sign - Dangling,4,2026-09-28T00:00:00.000,2026-09-30T19:52:26.061175+00:00
BRONX,Drinking,4,2026-09-28T00:00:00.000,2026-09-30T19:52:26.061175+00:00
STATEN ISLAND,Illegal Tree Damage,4,2026-09-28T00:00:00.000,2026-09-30T19:52:26.061175+00:00
STATEN ISLAND,PLUMBING,4,2026-09-28T00:00:00.000,2026-09-30T19:52:26.061175+00:00
BROOKLYN,Highway Condition,4,2026-09-28T00:00:00.000,2026-09-30T19:52:26.061175+00:00
BROOKLYN,Unsanitary Animal Pvt Property,4,2026-09-28T00:00:00.000,2026-09-30T19:52:26.061175+00:00
MANHATTAN,Abandoned Bike,4,2026-09-28T00:00:00.000,2026-09-30T19:52:26.061175+00:00
QUEENS,Litter Basket Request,4,2026-09-28T00:00:00.000,2026-09-30T19:52:26.061175+00:00
QUEENS,Illegal Posting,4,2026-09-28T00:00:00.000,2026-09-30T19:52:26.061175+00:00
BRONX,Residential Disposal Complaint,4,2026-09-28T00:00:00.000,2026-09-30T19:52:26.061175+00:00
QUEENS,Street Sign - Damaged,4,2026-09-28T00:00:00.000,2026-09-30T19:52:26.061175+00:00
BROOKLYN,Noise - Park,4,2026-09-28T00:00:00.000,2026-09-30T19:52:26.061175+00:00
QUEENS,Standing Water,4,2026-09-28T00:00:00.000,2026-09-30T19:52:26.061175+00:00
MANHATTAN,Dumpster Complaint,4,2026-09-28T00:00:00.000,2026-09-30T19:52:26.061175+00:00
MANHATTAN,Illegal Tree Damage,4,2026-09-28T00:00:00.000,2026-09-30T19:52:26.061175+00:00
MANHATTAN,Wood Pile Remaining,4,2026-09-28T00:00:00.000,2026-09-30T19:52:26.061175+00:00
MANHATTAN,Water Conservation,4,2026-09-28T00:00:00.000,2026-09-30T19:52:26.061175+00:00
MANHATTAN,Broken Parking Meter,4,2026-09-28T00:00:00.000,2026-09-30T19:52:26.061175+00:00
BRONX,Vendor Enforcement,4,2026-09-28T00:00:00.000,2026-09-30T19:52:26.061175+00:00
BRONX,Maintenance or Facility,4,2026-09-28T00:00:00.000,2026-09-30T19:52:26.061175+00:00
BRONX,For Hire Vehicle Complaint,4,2026-09-28T00:00:00.000,2026-09-30T19:52:26.061175+00:00
BRONX,Boilers,3,2026-09-28T00:00:00.000,2026-09-30T19:52:26.061175+00:00
BRONX,Food Establishment,3,2026-09-28T00:00:00.000,2026-09-30T19:52:26.061175+00:00
MANHATTAN,Real Time Enforcement,3,2026-09-28T00:00:00.000,2026-09-30T19:52:26.061175+00:00
MANHATTAN,Unsanitary Pigeon Condition,3,2026-09-28T00:00:00.000,2026-09-30T19:52:26.061175+00:00
QUEENS,Abandoned Bike,3,2026-09-28T00:00:00.000,2026-09-30T19:52:26.061175+00:00
MANHATTAN,Dead/Dying Tree,3,2026-09-28T00:00:00.000,2026-09-30T19:52:26.061175+00:00
MANHATTAN,Dead Animal,3,2026-09-28T00:00:00.000,2026-09-30T19:52:26.061175+00:00
BROOKLYN,Bridge Condition,3,2026-09-28T00:00:00.000,2026-09-30T19:52:26.061175+00:00
BRONX,Homeless Person Assistance,3,2026-09-28T00:00:00.000,2026-09-30T19:52:26.061175+00:00
BRONX,Highway Condition,3,2026-09-28T00:00:00.000,2026-09-30T19:52:26.061175+00:00
BROOKLYN,Indoor Air Quality,3,2026-09-28T00:00:00.000,2026-09-30T19:52:26.061175+00:00
BROOKLYN,Noise - Helicopter,3,2026-09-28T00:00:00.000,2026-09-30T19:52:26.061175+00:00
QUEENS,Unsanitary Animal Pvt Property,3,2026-09-28T00:00:00.000,2026-09-30T19:52:26.061175+00:00
QUEENS,Water Conservation,3,2026-09-28T00:00:00.000,2026-09-30T19:52:26.061175+00:00
BROOKLYN,Street Sign - Missing,3,2026-09-28T00:00:00.000,2026-09-30T19:52:26.061175+00:00
MANHATTAN,Beach/Pool/Sauna Complaint,3,2026-09-28T00:00:00.000,2026-09-30T19:52:26.061175+00:00
BROOKLYN,Vendor Enforcement,3,2026-09-28T00:00:00.000,2026-09-30T19:52:26.061175+00:00
BROOKLYN,Water Conservation,3,2026-09-28T00:00:00.000,2026-09-30T19:52:26.061175+00:00
BROOKLYN,Urinating in Public,3,2026-09-28T00:00:00.000,2026-09-30T19:52:26.061175+00:00
STATEN ISLAND,APPLIANCE,3,2026-09-28T00:00:00.000,2026-09-30T19:52:26.061175+00:00
STATEN ISLAND,Air Quality,3,2026-09-28T00:00:00.000,2026-09-30T19:52:26.061175+00:00
STATEN ISLAND,Building/Use,3,2026-09-28T00:00:00.000,2026-09-30T19:52:26.061175+00:00
STATEN ISLAND,Bike/Roller/Skate,3,2026-09-28T00:00:00.000,2026-09-30T19:52:26.061175+00:00
BROOKLYN,Drinking,3,2026-09-28T00:00:00.000,2026-09-30T19:52:26.061175+00:00
STATEN ISLAND,Traffic,3,2026-09-28T00:00:00.000,2026-09-30T19:52:26.061175+00:00
BROOKLYN,Electrical,3,2026-09-28T00:00:00.000,2026-09-30T19:52:26.061175+00:00
BROOKLYN,ELEVATOR,3,2026-09-28T00:00:00.000,2026-09-30T19:52:26.061175+00:00
BRONX,Traffic,3,2026-09-28T00:00:00.000,2026-09-30T19:52:26.061175+00:00
BRONX,Street Sweeping Complaint,3,2026-09-28T00:00:00.000,2026-09-30T19:52:26.061175+00:00
BRONX,Street Sign - Damaged,3,2026-09-28T00:00:00.000,2026-09-30T19:52:26.061175+00:00
STATEN ISLAND,Non-Emergency Police Matter,3,2026-09-28T00:00:00.000,2026-09-30T19:52:26.061175+00:00
STATEN ISLAND,General Construction/Plumbing,3,2026-09-28T00:00:00.000,2026-09-30T19:52:26.061175+00:00
STATEN ISLAND,Noise - Vehicle,3,2026-09-28T00:00:00.000,2026-09-30T19:52:26.061175+00:00
STATEN ISLAND,Food Establishment,3,2026-09-28T00:00:00.000,2026-09-30T19:52:26.061175+00:00
STATEN ISLAND,ELECTRIC,3,2026-09-28T00:00:00.000,2026-09-30T19:52:26.061175+00:00
BRONX,ELEVATOR,3,2026-09-28T00:00:00.000,2026-09-30T19:52:26.061175+00:00
QUEENS,Lot Condition,3,2026-09-28T00:00:00.000,2026-09-30T19:52:26.061175+00:00
BROOKLYN,Special Projects Inspection Team (SPIT),3,2026-09-28T00:00:00.000,2026-09-30T19:52:26.061175+00:00
BROOKLYN,Plumbing,3,2026-09-28T00:00:00.000,2026-09-30T19:52:26.061175+00:00
BROOKLYN,Street Sign - Damaged,3,2026-09-28T00:00:00.000,2026-09-30T19:52:26.061175+00:00
BROOKLYN,Standing Water,3,2026-09-28T00:00:00.000,2026-09-30T19:52:26.061175+00:00
BROOKLYN,Smoking or Vaping,3,2026-09-28T00:00:00.000,2026-09-30T19:52:26.061175+00:00
STATEN ISLAND,Illegal Posting,3,2026-09-28T00:00:00.000,2026-09-30T19:52:26.061175+00:00
STATEN ISLAND,Indoor Air Quality,3,2026-09-28T00:00:00.000,2026-09-30T19:52:26.061175+00:00
Unspecified,Dead/Dying Tree,3,2026-09-28T00:00:00.000,2026-09-30T19:52:26.061175+00:00
STATEN ISLAND,Rodent,3,2026-09-28T00:00:00.000,2026-09-30T19:52:26.061175+00:00
STATEN ISLAND,Plumbing,3,2026-09-28T00:00:00.000,2026-09-30T19:52:26.061175+00:00
Unspecified,Traffic Signal Condition,3,2026-09-28T00:00:00.000,2026-09-30T19:52:26.061175+00:00
STATEN ISLAND,Industrial Waste,3,2026-09-28T00:00:00.000,2026-09-30T19:52:26.061175+00:00
BROOKLYN,Day Care,2,2026-09-28T00:00:00.000,2026-09-30T19:52:26.061175+00:00
QUEENS,Urinating in Public,2,2026-09-28T00:00:00.000,2026-09-30T19:52:26.061175+00:00
MANHATTAN,Street Sign - Damaged,2,2026-09-28T00:00:00.000,2026-09-30T19:52:26.061175+00:00
MANHATTAN,Water Quality,2,2026-09-28T00:00:00.000,2026-09-30T19:52:26.061175+00:00
MANHATTAN,Derelict Vehicles,2,2026-09-28T00:00:00.000,2026-09-30T19:52:26.061175+00:00
MANHATTAN,Drug Activity,2,2026-09-28T00:00:00.000,2026-09-30T19:52:26.061175+00:00
STATEN ISLAND,Homeless Person Assistance,2,2026-09-28T00:00:00.000,2026-09-30T19:52:26.061175+00:00
BRONX,Litter Basket Request,2,2026-09-28T00:00:00.000,2026-09-30T19:52:26.061175+00:00
STATEN ISLAND,Graffiti,2,2026-09-28T00:00:00.000,2026-09-30T19:52:26.061175+00:00
QUEENS,Litter Basket Complaint,2,2026-09-28T00:00:00.000,2026-09-30T19:52:26.061175+00:00
QUEENS,Drinking,2,2026-09-28T00:00:00.000,2026-09-30T19:52:26.061175+00:00
QUEENS,Emergency Response Team (ERT),2,2026-09-28T00:00:00.000,2026-09-30T19:52:26.061175+00:00
QUEENS,E-Scooter,2,2026-09-28T00:00:00.000,2026-09-30T19:52:26.061175+00:00
BROOKLYN,Industrial Waste,2,2026-09-28T00:00:00.000,2026-09-30T19:52:26.061175+00:00
QUEENS,Mold,2,2026-09-28T00:00:00.000,2026-09-30T19:52:26.061175+00:00
QUEENS,Noise - Park,2,2026-09-28T00:00:00.000,2026-09-30T19:52:26.061175+00:00
QUEENS,Sanitation Worker or Vehicle Complaint,2,2026-09-28T00:00:00.000,2026-09-30T19:52:26.061175+00:00
QUEENS,New Tree Request,2,2026-09-28T00:00:00.000,2026-09-30T19:52:26.061175+00:00
MANHATTAN,Animal-Abuse,2,2026-09-28T00:00:00.000,2026-09-30T19:52:26.061175+00:00
STATEN ISLAND,Unsanitary Animal Pvt Property,2,2026-09-28T00:00:00.000,2026-09-30T19:52:26.061175+00:00
BROOKLYN,Hazardous Material,2,2026-09-28T00:00:00.000,2026-09-30T19:52:26.061175+00:00
BROOKLYN,Dumpster Complaint,2,2026-09-28T00:00:00.000,2026-09-30T19:52:26.061175+00:00
QUEENS,Unleashed Dog,2,2026-09-28T00:00:00.000,2026-09-30T19:52:26.061175+00:00
BROOKLYN,Illegal Fireworks,2,2026-09-28T00:00:00.000,2026-09-30T19:52:26.061175+00:00
BROOKLYN,OUTSIDE BUILDING,2,2026-09-28T00:00:00.000,2026-09-30T19:52:26.061175+00:00
BRONX,Violation of Park Rules,2,2026-09-28T00:00:00.000,2026-09-30T19:52:26.061175+00:00
BRONX,Unsanitary Animal Pvt Property,2,2026-09-28T00:00:00.000,2026-09-30T19:52:26.061175+00:00
STATEN ISLAND,Maintenance or Facility,2,2026-09-28T00:00:00.000,2026-09-30T19:52:26.061175+00:00
STATEN ISLAND,Lead,2,2026-09-28T00:00:00.000,2026-09-30T19:52:26.061175+00:00
MANHATTAN,Plumbing,2,2026-09-28T00:00:00.000,2026-09-30T19:52:26.061175+00:00
MANHATTAN,Bike/Roller/Skate,2,2026-09-28T00:00:00.000,2026-09-30T19:52:26.061175+00:00
MANHATTAN,Bridge Condition,2,2026-09-28T00:00:00.000,2026-09-30T19:52:26.061175+00:00
MANHATTAN,Litter Basket Complaint,2,2026-09-28T00:00:00.000,2026-09-30T19:52:26.061175+00:00
BRONX,Cannabis Retailer,2,2026-09-28T00:00:00.000,2026-09-30T19:52:26.061175+00:00
Unspecified,For Hire Vehicle Complaint,2,2026-09-28T00:00:00.000,2026-09-30T19:52:26.061175+00:00
Unspecified,Root/Sewer/Sidewalk Condition,2,2026-09-28T00:00:00.000,2026-09-30T19:52:26.061175+00:00
BROOKLYN,Emergency Response Team (ERT),2,2026-09-28T00:00:00.000,2026-09-30T19:52:26.061175+00:00
STATEN ISLAND,Outdoor Dining,2,2026-09-28T00:00:00.000,2026-09-30T19:52:26.061175+00:00
BRONX,Dead Animal,2,2026-09-28T00:00:00.000,2026-09-30T19:52:26.061175+00:00
STATEN ISLAND,GENERAL,2,2026-09-28T00:00:00.000,2026-09-30T19:52:26.061175+00:00
STATEN ISLAND,FLOORING/STAIRS,2,2026-09-28T00:00:00.000,2026-09-30T19:52:26.061175+00:00
STATEN ISLAND,Uprooted Stump,2,2026-09-28T00:00:00.000,2026-09-30T19:52:26.061175+00:00
BRONX,Standing Water,2,2026-09-28T00:00:00.000,2026-09-30T19:52:26.061175+00:00
BROOKLYN,Highway Sign - Damaged,2,2026-09-28T00:00:00.000,2026-09-30T19:52:26.061175+00:00
STATEN ISLAND,Disorderly Youth,2,2026-09-28T00:00:00.000,2026-09-30T19:52:26.061175+00:00
STATEN ISLAND,Dead Animal,2,2026-09-28T00:00:00.000,2026-09-30T19:52:26.061175+00:00
STATEN ISLAND,Standing Water,2,2026-09-28T00:00:00.000,2026-09-30T19:52:26.061175+00:00
QUEENS,Hazardous Material,2,2026-09-28T00:00:00.000,2026-09-30T19:52:26.061175+00:00
QUEENS,Food Poisoning,2,2026-09-28T00:00:00.000,2026-09-30T19:52:26.061175+00:00
QUEENS,ELEVATOR,2,2026-09-28T00:00:00.000,2026-09-30T19:52:26.061175+00:00
QUEENS,Harboring Bees/Wasps,2,2026-09-28T00:00:00.000,2026-09-30T19:52:26.061175+00:00
BROOKLYN,Traffic,2,2026-09-28T00:00:00.000,2026-09-30T19:52:26.061175+00:00
BRONX,Real Time Enforcement,2,2026-09-28T00:00:00.000,2026-09-30T19:52:26.061175+00:00
BRONX,Plumbing,2,2026-09-28T00:00:00.000,2026-09-30T19:52:26.061175+00:00
MANHATTAN,Street Sweeping Complaint,1,2026-09-28T00:00:00.000,2026-09-30T19:52:26.061175+00:00
MANHATTAN,Emergency Response Team (ERT),1,2026-09-28T00:00:00.000,2026-09-30T19:52:26.061175+00:00
MANHATTAN,Lot Condition,1,2026-09-28T00:00:00.000,2026-09-30T19:52:26.061175+00:00
BRONX,Urinating in Public,1,2026-09-28T00:00:00.000,2026-09-30T19:52:26.061175+00:00
MANHATTAN,New Tree Request,1,2026-09-28T00:00:00.000,2026-09-30T19:52:26.061175+00:00
MANHATTAN,Tattooing,1,2026-09-28T00:00:00.000,2026-09-30T19:52:26.061175+00:00
MANHATTAN,Violation of Park Rules,1,2026-09-28T00:00:00.000,2026-09-30T19:52:26.061175+00:00
MANHATTAN,Tobacco or Non-Tobacco Sale,1,2026-09-28T00:00:00.000,2026-09-30T19:52:26.061175+00:00
MANHATTAN,ELEVATOR,1,2026-09-28T00:00:00.000,2026-09-30T19:52:26.061175+00:00
MANHATTAN,Highway Condition,1,2026-09-28T00:00:00.000,2026-09-30T19:52:26.061175+00:00
QUEENS,Animal in a Park,1,2026-09-28T00:00:00.000,2026-09-30T19:52:26.061175+00:00
QUEENS,Asbestos,1,2026-09-28T00:00:00.000,2026-09-30T19:52:26.061175+00:00
STATEN ISLAND,Illegal Fireworks,1,2026-09-28T00:00:00.000,2026-09-30T19:52:26.061175+00:00
STATEN ISLAND,HEAT/HOT WATER,1,2026-09-28T00:00:00.000,2026-09-30T19:52:26.061175+00:00
MANHATTAN,Public Toilet,1,2026-09-28T00:00:00.000,2026-09-30T19:52:26.061175+00:00
BRONX,Illegal Tree Damage,1,2026-09-28T00:00:00.000,2026-09-30T19:52:26.061175+00:00
BRONX,Hazardous Material,1,2026-09-28T00:00:00.000,2026-09-30T19:52:26.061175+00:00
MANHATTAN,Sanitation Worker or Vehicle Complaint,1,2026-09-28T00:00:00.000,2026-09-30T19:52:26.061175+00:00
BRONX,Lot Condition,1,2026-09-28T00:00:00.000,2026-09-30T19:52:26.061175+00:00
BRONX,Unsanitary Pigeon Condition,1,2026-09-28T00:00:00.000,2026-09-30T19:52:26.061175+00:00
BRONX,Water Conservation,1,2026-09-28T00:00:00.000,2026-09-30T19:52:26.061175+00:00
BRONX,Indoor Sewage,1,2026-09-28T00:00:00.000,2026-09-30T19:52:26.061175+00:00
BROOKLYN,Abandoned Bike,1,2026-09-28T00:00:00.000,2026-09-30T19:52:26.061175+00:00
BRONX,Wood Pile Remaining,1,2026-09-28T00:00:00.000,2026-09-30T19:52:26.061175+00:00
Unspecified,Noise - Residential,1,2026-09-28T00:00:00.000,2026-09-30T19:52:26.061175+00:00
Unspecified,Illegal Tree Damage,1,2026-09-28T00:00:00.000,2026-09-30T19:52:26.061175+00:00
Unspecified,Overgrown Tree/Branches,1,2026-09-28T00:00:00.000,2026-09-30T19:52:26.061175+00:00
BRONX,Food Poisoning,1,2026-09-28T00:00:00.000,2026-09-30T19:52:26.061175+00:00
STATEN ISLAND,Litter Basket Complaint,1,2026-09-28T00:00:00.000,2026-09-30T19:52:26.061175+00:00
STATEN ISLAND,LinkNYC,1,2026-09-28T00:00:00.000,2026-09-30T19:52:26.061175+00:00
Unspecified,For Hire Vehicle Report,1,2026-09-28T00:00:00.000,2026-09-30T19:52:26.061175+00:00
BRONX,Broken Parking Meter,1,2026-09-28T00:00:00.000,2026-09-30T19:52:26.061175+00:00
BRONX,Day Care,1,2026-09-28T00:00:00.000,2026-09-30T19:52:26.061175+00:00
BRONX,Curb Condition,1,2026-09-28T00:00:00.000,2026-09-30T19:52:26.061175+00:00
BRONX,Commercial Disposal Complaint,1,2026-09-28T00:00:00.000,2026-09-30T19:52:26.061175+00:00
BRONX,Construction Lead Dust,1,2026-09-28T00:00:00.000,2026-09-30T19:52:26.061175+00:00
Unspecified,General Construction/Plumbing,1,2026-09-28T00:00:00.000,2026-09-30T19:52:26.061175+00:00
MANHATTAN,Noise - House of Worship,1,2026-09-28T00:00:00.000,2026-09-30T19:52:26.061175+00:00
MANHATTAN,OUTSIDE BUILDING,1,2026-09-28T00:00:00.000,2026-09-30T19:52:26.061175+00:00
MANHATTAN,Noise - Park,1,2026-09-28T00:00:00.000,2026-09-30T19:52:26.061175+00:00
MANHATTAN,Pet Sale,1,2026-09-28T00:00:00.000,2026-09-30T19:52:26.061175+00:00
BROOKLYN,Asbestos,1,2026-09-28T00:00:00.000,2026-09-30T19:52:26.061175+00:00
BROOKLYN,Bike/Roller/Skate,1,2026-09-28T00:00:00.000,2026-09-30T19:52:26.061175+00:00
MANHATTAN,Standing Water,1,2026-09-28T00:00:00.000,2026-09-30T19:52:26.061175+00:00
QUEENS,Day Care,1,2026-09-28T00:00:00.000,2026-09-30T19:52:26.061175+00:00
MANHATTAN,Drinking,1,2026-09-28T00:00:00.000,2026-09-30T19:52:26.061175+00:00
MANHATTAN,Day Care,1,2026-09-28T00:00:00.000,2026-09-30T19:52:26.061175+00:00
MANHATTAN,Commercial Disposal Complaint,1,2026-09-28T00:00:00.000,2026-09-30T19:52:26.061175+00:00
QUEENS,Commercial Disposal Complaint,1,2026-09-28T00:00:00.000,2026-09-30T19:52:26.061175+00:00
QUEENS,Cannabis Retailer,1,2026-09-28T00:00:00.000,2026-09-30T19:52:26.061175+00:00
MANHATTAN,Boilers,1,2026-09-28T00:00:00.000,2026-09-30T19:52:26.061175+00:00
MANHATTAN,Bus Stop Shelter Placement,1,2026-09-28T00:00:00.000,2026-09-30T19:52:26.061175+00:00
QUEENS,Bus Stop Shelter Placement,1,2026-09-28T00:00:00.000,2026-09-30T19:52:26.061175+00:00
QUEENS,Bike Rack,1,2026-09-28T00:00:00.000,2026-09-30T19:52:26.061175+00:00
MANHATTAN,Green Taxi Complaint,1,2026-09-28T00:00:00.000,2026-09-30T19:52:26.061175+00:00
MANHATTAN,Hazardous Material,1,2026-09-28T00:00:00.000,2026-09-30T19:52:26.061175+00:00
MANHATTAN,Illegal Fireworks,1,2026-09-28T00:00:00.000,2026-09-30T19:52:26.061175+00:00
BROOKLYN,Public Toilet,1,2026-09-28T00:00:00.000,2026-09-30T19:52:26.061175+00:00
QUEENS,Mobile Food Vendor,1,2026-09-28T00:00:00.000,2026-09-30T19:52:26.061175+00:00
QUEENS,Mosquitoes,1,2026-09-28T00:00:00.000,2026-09-30T19:52:26.061175+00:00
MANHATTAN,Animal in a Park,1,2026-09-28T00:00:00.000,2026-09-30T19:52:26.061175+00:00
BROOKLYN,Violation of Park Rules,1,2026-09-28T00:00:00.000,2026-09-30T19:52:26.061175+00:00
BROOKLYN,Uprooted Stump,1,2026-09-28T00:00:00.000,2026-09-30T19:52:26.061175+00:00
BROOKLYN,Unsanitary Pigeon Condition,1,2026-09-28T00:00:00.000,2026-09-30T19:52:26.061175+00:00
QUEENS,Dumpster Complaint,1,2026-09-28T00:00:00.000,2026-09-30T19:52:26.061175+00:00
QUEENS,Drinking Water,1,2026-09-28T00:00:00.000,2026-09-30T19:52:26.061175+00:00
QUEENS,Electrical,1,2026-09-28T00:00:00.000,2026-09-30T19:52:26.061175+00:00
BROOKLYN,Unleashed Dog,1,2026-09-28T00:00:00.000,2026-09-30T19:52:26.061175+00:00
QUEENS,Institution Disposal Complaint,1,2026-09-28T00:00:00.000,2026-09-30T19:52:26.061175+00:00
QUEENS,Industrial Waste,1,2026-09-28T00:00:00.000,2026-09-30T19:52:26.061175+00:00
MANHATTAN,BEST/Site Safety,1,2026-09-28T00:00:00.000,2026-09-30T19:52:26.061175+00:00
QUEENS,For Hire Vehicle Report,1,2026-09-28T00:00:00.000,2026-09-30T19:52:26.061175+00:00
BRONX,Mobile Food Vendor,1,2026-09-28T00:00:00.000,2026-09-30T19:52:26.061175+00:00
BROOKLYN,Taxi Compliment,1,2026-09-28T00:00:00.000,2026-09-30T19:52:26.061175+00:00
BROOKLYN,Taxi Complaint,1,2026-09-28T00:00:00.000,2026-09-30T19:52:26.061175+00:00
BRONX,OUTSIDE BUILDING,1,2026-09-28T00:00:00.000,2026-09-30T19:52:26.061175+00:00
QUEENS,Unsanitary Pigeon Condition,1,2026-09-28T00:00:00.000,2026-09-30T19:52:26.061175+00:00
BROOKLYN,LinkNYC,1,2026-09-28T00:00:00.000,2026-09-30T19:52:26.061175+00:00
BROOKLYN,Litter Basket Complaint,1,2026-09-28T00:00:00.000,2026-09-30T19:52:26.061175+00:00
BROOKLYN,Indoor Sewage,1,2026-09-28T00:00:00.000,2026-09-30T19:52:26.061175+00:00
BROOKLYN,Illegal Animal Sold,1,2026-09-28T00:00:00.000,2026-09-30T19:52:26.061175+00:00
QUEENS,Street Sign - Missing,1,2026-09-28T00:00:00.000,2026-09-30T19:52:26.061175+00:00
QUEENS,Real Time Enforcement,1,2026-09-28T00:00:00.000,2026-09-30T19:52:26.061175+00:00
QUEENS,Recycling Basket Complaint,1,2026-09-28T00:00:00.000,2026-09-30T19:52:26.061175+00:00
QUEENS,OUTSIDE BUILDING,1,2026-09-28T00:00:00.000,2026-09-30T19:52:26.061175+00:00
STATEN ISLAND,Asbestos,1,2026-09-28T00:00:00.000,2026-09-30T19:52:26.061175+00:00
STATEN ISLAND,Animal in a Park,1,2026-09-28T00:00:00.000,2026-09-30T19:52:26.061175+00:00
STATEN ISLAND,Animal-Abuse,1,2026-09-28T00:00:00.000,2026-09-30T19:52:26.061175+00:00
STATEN ISLAND,Construction Lead Dust,1,2026-09-28T00:00:00.000,2026-09-30T19:52:26.061175+00:00
STATEN ISLAND,Consumer Complaint,1,2026-09-28T00:00:00.000,2026-09-30T19:52:26.061175+00:00
STATEN ISLAND,Drug Activity,1,2026-09-28T00:00:00.000,2026-09-30T19:52:26.061175+00:00
STATEN ISLAND,Sidewalk Condition,1,2026-09-28T00:00:00.000,2026-09-30T19:52:26.061175+00:00
BROOKLYN,Harboring Bees/Wasps,1,2026-09-28T00:00:00.000,2026-09-30T19:52:26.061175+00:00
BROOKLYN,Green Taxi Report,1,2026-09-28T00:00:00.000,2026-09-30T19:52:26.061175+00:00
BROOKLYN,For Hire Vehicle Report,1,2026-09-28T00:00:00.000,2026-09-30T19:52:26.061175+00:00
BROOKLYN,Green Taxi Complaint,1,2026-09-28T00:00:00.000,2026-09-30T19:52:26.061175+00:00
BRONX,Taxi Report,1,2026-09-28T00:00:00.000,2026-09-30T19:52:26.061175+00:00
Unspecified,Consumer Complaint,1,2026-09-28T00:00:00.000,2026-09-30T19:52:26.061175+00:00
BRONX,Unleashed Dog,1,2026-09-28T00:00:00.000,2026-09-30T19:52:26.061175+00:00
STATEN ISLAND,Electrical,1,2026-09-28T00:00:00.000,2026-09-30T19:52:26.061175+00:00
STATEN ISLAND,Noise - Commercial,1,2026-09-28T00:00:00.000,2026-09-30T19:52:26.061175+00:00
STATEN ISLAND,New Tree Request,1,2026-09-28T00:00:00.000,2026-09-30T19:52:26.061175+00:00
STATEN ISLAND,Encampment,1,2026-09-28T00:00:00.000,2026-09-30T19:52:26.061175+00:00
BROOKLYN,Food Poisoning,1,2026-09-28T00:00:00.000,2026-09-30T19:52:26.061175+00:00
BRONX,Electrical,1,2026-09-28T00:00:00.000,2026-09-30T19:52:26.061175+00:00
Unspecified,Ferry Inquiry,1,2026-09-28T00:00:00.000,2026-09-30T19:52:26.061175+00:00
Unspecified,Emergency Response Team (ERT),1,2026-09-28T00:00:00.000,2026-09-30T19:52:26.061175+00:00
BRONX,Bike/Roller/Skate,1,2026-09-28T00:00:00.000,2026-09-30T19:52:26.061175+00:00
