borough,complaint_type,count,date,ingested_at,rolling_avg,pop,rate
BRONX,APPLIANCE,15,2026-10-04,2026-10-06T19:59:48.152025+00:00,15.5,1500000,1.03
BRONX,Abandoned Vehicle,18,2026-10-04,2026-10-06T19:59:48.152025+00:00,24.5,1500000,1.63
BRONX,Animal in a Park,2,2026-10-04,2026-10-06T19:59:48.152025+00:00,2.5,1500000,0.17
BRONX,Animal-Abuse,1,2026-10-04,2026-10-06T19:59:48.152025+00:00,3.0,1500000,0.2
BRONX,BEST/Site Safety,1,2026-10-04,2026-10-06T19:59:48.152025+00:00,1.0,1500000,0.07
BRONX,Bike Rack,1,2026-10-04,2026-10-06T19:59:48.152025+00:00,1.0,1500000,0.07
BRONX,Blocked Driveway,93,2026-10-04,2026-10-06T19:59:48.152025+00:00,94.0,1500000,6.27
BRONX,Building/Use,2,2026-10-04,2026-10-06T19:59:48.152025+00:00,3.5,1500000,0.23
BRONX,Cannabis Retailer,2,2026-10-04,2026-10-06T19:59:48.152025+00:00,1.5,1500000,0.1
BRONX,Consumer Complaint,9,2026-10-04,2026-10-06T19:59:48.152025+00:00,9.0,1500000,0.6
BRONX,Curb Condition,1,2026-10-04,2026-10-06T19:59:48.152025+00:00,1.0,1500000,0.07
BRONX,DOOR/WINDOW,31,2026-10-04,2026-10-06T19:59:48.152025+00:00,26.0,1500000,1.73
BRONX,Damaged Tree,3,2026-10-04,2026-10-06T19:59:48.152025+00:00,5.5,1500000,0.37
BRONX,Dead Animal,9,2026-10-04,2026-10-06T19:59:48.152025+00:00,6.5,1500000,0.43
BRONX,Dead/Dying Tree,2,2026-10-04,2026-10-06T19:59:48.152025+00:00,2.5,1500000,0.17
BRONX,Derelict Vehicles,1,2026-10-04,2026-10-06T19:59:48.152025+00:00,2.0,1500000,0.13
BRONX,Dirty Condition,15,2026-10-04,2026-10-06T19:59:48.152025+00:00,19.5,1500000,1.3
BRONX,Drinking,1,2026-10-04,2026-10-06T19:59:48.152025+00:00,5.0,1500000,0.33
BRONX,Drug Activity,3,2026-10-04,2026-10-06T19:59:48.152025+00:00,3.0,1500000,0.2
BRONX,ELECTRIC,15,2026-10-04,2026-10-06T19:59:48.152025+00:00,16.5,1500000,1.1
BRONX,Electrical,1,2026-10-04,2026-10-06T19:59:48.152025+00:00,1.0,1500000,0.07
BRONX,Elevator,5,2026-10-04,2026-10-06T19:59:48.152025+00:00,7.5,1500000,0.5
BRONX,Emergency Response Team (ERT),1,2026-10-04,2026-10-06T19:59:48.152025+00:00,2.5,1500000,0.17
BRONX,Encampment,6,2026-10-04,2026-10-06T19:59:48.152025+00:00,7.5,1500000,0.5
BRONX,FLOORING/STAIRS,7,2026-10-04,2026-10-06T19:59:48.152025+00:00,10.5,1500000,0.7
BRONX,Food Establishment,5,2026-10-04,2026-10-06T19:59:48.152025+00:00,3.5,1500000,0.23
BRONX,GENERAL,12,2026-10-04,2026-10-06T19:59:48.152025+00:00,15.5,1500000,1.03
BRONX,General Construction/Plumbing,4,2026-10-04,2026-10-06T19:59:48.152025+00:00,8.0,1500000,0.53
BRONX,Graffiti,1,2026-10-04,2026-10-06T19:59:48.152025+00:00,3.5,1500000,0.23
BRONX,HEAT/HOT WATER,77,2026-10-04,2026-10-06T19:59:48.152025+00:00,65.0,1500000,4.33
BRONX,Hazardous Material,1,2026-10-04,2026-10-06T19:59:48.152025+00:00,1.5,1500000,0.1
BRONX,Highway Condition,1,2026-10-04,2026-10-06T19:59:48.152025+00:00,1.5,1500000,0.1
BRONX,Homeless Person Assistance,3,2026-10-04,2026-10-06T19:59:48.152025+00:00,3.5,1500000,0.23
BRONX,Illegal Animal Kept as Pet,1,2026-10-04,2026-10-06T19:59:48.152025+00:00,1.0,1500000,0.07
BRONX,Illegal Dumping,10,2026-10-04,2026-10-06T19:59:48.152025+00:00,10.0,1500000,0.67
BRONX,Illegal Parking,334,2026-10-04,2026-10-06T19:59:48.152025+00:00,316.5,1500000,21.1
BRONX,Illegal Posting,1,2026-10-04,2026-10-06T19:59:48.152025+00:00,1.5,1500000,0.1
BRONX,Indoor Air Quality,2,2026-10-04,2026-10-06T19:59:48.152025+00:00,3.5,1500000,0.23
BRONX,Industrial Waste,1,2026-10-04,2026-10-06T19:59:48.152025+00:00,1.5,1500000,0.1
BRONX,Investigations and Discipline (IAD),1,2026-10-04,2026-10-06T19:59:48.152025+00:00,1.0,1500000,0.07
BRONX,Lead,1,2026-10-04,2026-10-06T19:59:48.152025+00:00,2.5,1500000,0.17
BRONX,Litter Basket Request,1,2026-10-04,2026-10-06T19:59:48.152025+00:00,1.0,1500000,0.07
BRONX,Lot Condition,1,2026-10-04,2026-10-06T19:59:48.152025+00:00,1.0,1500000,0.07
BRONX,Maintenance or Facility,12,2026-10-04,2026-10-06T19:59:48.152025+00:00,9.0,1500000,0.6
BRONX,Missed Collection,12,2026-10-04,2026-10-06T19:59:48.152025+00:00,11.0,1500000,0.73
BRONX,Mobile Food Vendor,1,2026-10-04,2026-10-06T19:59:48.152025+00:00,1.0,1500000,0.07
BRONX,New Tree Request,1,2026-10-04,2026-10-06T19:59:48.152025+00:00,1.0,1500000,0.07
BRONX,Noise,15,2026-10-04,2026-10-06T19:59:48.152025+00:00,16.0,1500000,1.07
BRONX,Noise - Commercial,39,2026-10-04,2026-10-06T19:59:48.152025+00:00,48.5,1500000,3.23
BRONX,Noise - Helicopter,1,2026-10-04,2026-10-06T19:59:48.152025+00:00,1.0,1500000,0.07
BRONX,Noise - House of Worship,1,2026-10-04,2026-10-06T19:59:48.152025+00:00,2.5,1500000,0.17
BRONX,Noise - Park,2,2026-10-04,2026-10-06T19:59:48.152025+00:00,3.5,1500000,0.23
BRONX,Noise - Residential,420,2026-10-04,2026-10-06T19:59:48.152025+00:00,464.0,1500000,30.93
BRONX,Noise - Street/Sidewalk,159,2026-10-04,2026-10-06T19:59:48.152025+00:00,254.0,1500000,16.93
BRONX,Noise - Vehicle,24,2026-10-04,2026-10-06T19:59:48.152025+00:00,40.5,1500000,2.7
BRONX,Non-Emergency Police Matter,6,2026-10-04,2026-10-06T19:59:48.152025+00:00,9.0,1500000,0.6
BRONX,OUTSIDE BUILDING,1,2026-10-04,2026-10-06T19:59:48.152025+00:00,1.5,1500000,0.1
BRONX,Obstruction,4,2026-10-04,2026-10-06T19:59:48.152025+00:00,2.5,1500000,0.17
BRONX,Overgrown Tree/Branches,5,2026-10-04,2026-10-06T19:59:48.152025+00:00,3.5,1500000,0.23
BRONX,PAINT/PLASTER,43,2026-10-04,2026-10-06T19:59:48.152025+00:00,47.0,1500000,3.13
BRONX,PLUMBING,46,2026-10-04,2026-10-06T19:59:48.152025+00:00,43.5,1500000,2.9
BRONX,Panhandling,19,2026-10-04,2026-10-06T19:59:48.152025+00:00,17.0,1500000,1.13
BRONX,Plumbing,1,2026-10-04,2026-10-06T19:59:48.152025+00:00,1.5,1500000,0.1
BRONX,Real Time Enforcement,1,2026-10-04,2026-10-06T19:59:48.152025+00:00,1.5,1500000,0.1
BRONX,Residential Disposal Complaint,7,2026-10-04,2026-10-06T19:59:48.152025+00:00,4.0,1500000,0.27
BRONX,Rodent,15,2026-10-04,2026-10-06T19:59:48.152025+00:00,11.0,1500000,0.73
BRONX,Root/Sewer/Sidewalk Condition,1,2026-10-04,2026-10-06T19:59:48.152025+00:00,2.0,1500000,0.13
BRONX,SAFETY,4,2026-10-04,2026-10-06T19:59:48.152025+00:00,2.5,1500000,0.17
BRONX,Sanitation Worker or Vehicle Complaint,1,2026-10-04,2026-10-06T19:59:48.152025+00:00,2.0,1500000,0.13
BRONX,Sewer Maintenance,10,2026-10-04,2026-10-06T19:59:48.152025+00:00,6.5,1500000,0.43
BRONX,Sidewalk Condition,1,2026-10-04,2026-10-06T19:59:48.152025+00:00,4.5,1500000,0.3
BRONX,Smoking or Vaping,1,2026-10-04,2026-10-06T19:59:48.152025+00:00,1.0,1500000,0.07
BRONX,Special Projects Inspection Team (SPIT),1,2026-10-04,2026-10-06T19:59:48.152025+00:00,1.0,1500000,0.07
BRONX,Street Condition,4,2026-10-04,2026-10-06T19:59:48.152025+00:00,5.5,1500000,0.37
BRONX,Street Light Condition,17,2026-10-04,2026-10-06T19:59:48.152025+00:00,17.0,1500000,1.13
BRONX,Street Sign - Missing,1,2026-10-04,2026-10-06T19:59:48.152025+00:00,1.0,1500000,0.07
BRONX,Street Sweeping Complaint,2,2026-10-04,2026-10-06T19:59:48.152025+00:00,5.5,1500000,0.37
BRONX,Traffic,1,2026-10-04,2026-10-06T19:59:48.152025+00:00,1.0,1500000,0.07
BRONX,Traffic Signal Condition,7,2026-10-04,2026-10-06T19:59:48.152025+00:00,5.5,1500000,0.37
BRONX,UNSANITARY CONDITION,70,2026-10-04,2026-10-06T19:59:48.152025+00:00,80.5,1500000,5.37
BRONX,Vendor Enforcement,2,2026-10-04,2026-10-06T19:59:48.152025+00:00,6.0,1500000,0.4
BRONX,Violation of Park Rules,2,2026-10-04,2026-10-06T19:59:48.152025+00:00,4.5,1500000,0.3
BRONX,WATER LEAK,26,2026-10-04,2026-10-06T19:59:48.152025+00:00,27.5,1500000,1.83
BRONX,Water Maintenance,12,2026-10-04,2026-10-06T19:59:48.152025+00:00,12.5,1500000,0.83
BROOKLYN,APPLIANCE,16,2026-10-04,2026-10-06T19:59:48.152025+00:00,15.5,2700000,0.57
BROOKLYN,Abandoned Bike,2,2026-10-04,2026-10-06T19:59:48.152025+00:00,1.5,2700000,0.06
BROOKLYN,Abandoned Vehicle,38,2026-10-04,2026-10-06T19:59:48.152025+00:00,45.5,2700000,1.69
BROOKLYN,Air Quality,2,2026-10-04,2026-10-06T19:59:48.152025+00:00,3.0,2700000,0.11
BROOKLYN,Animal Facility - No Permit,1,2026-10-04,2026-10-06T19:59:48.152025+00:00,1.0,2700000,0.04
BROOKLYN,Animal in a Park,4,2026-10-04,2026-10-06T19:59:48.152025+00:00,5.0,2700000,0.19
BROOKLYN,Animal-Abuse,8,2026-10-04,2026-10-06T19:59:48.152025+00:00,10.0,2700000,0.37
BROOKLYN,Bike/Roller/Skate,1,2026-10-04,2026-10-06T19:59:48.152025+00:00,2.5,2700000,0.09
BROOKLYN,Blocked Driveway,211,2026-10-04,2026-10-06T19:59:48.152025+00:00,216.0,2700000,8.0
BROOKLYN,Building/Use,8,2026-10-04,2026-10-06T19:59:48.152025+00:00,9.0,2700000,0.33
BROOKLYN,Cannabis Retailer,8,2026-10-04,2026-10-06T19:59:48.152025+00:00,6.5,2700000,0.24
BROOKLYN,Commercial Disposal Complaint,5,2026-10-04,2026-10-06T19:59:48.152025+00:00,4.0,2700000,0.15
BROOKLYN,Construction Lead Dust,3,2026-10-04,2026-10-06T19:59:48.152025+00:00,2.0,2700000,0.07
BROOKLYN,Consumer Complaint,11,2026-10-04,2026-10-06T19:59:48.152025+00:00,12.5,2700000,0.46
BROOKLYN,Curb Condition,2,2026-10-04,2026-10-06T19:59:48.152025+00:00,5.5,2700000,0.2
BROOKLYN,DOOR/WINDOW,35,2026-10-04,2026-10-06T19:59:48.152025+00:00,36.0,2700000,1.33
BROOKLYN,Damaged Tree,15,2026-10-04,2026-10-06T19:59:48.152025+00:00,24.0,2700000,0.89
BROOKLYN,Dead Animal,8,2026-10-04,2026-10-06T19:59:48.152025+00:00,13.0,2700000,0.48
BROOKLYN,Dead/Dying Tree,8,2026-10-04,2026-10-06T19:59:48.152025+00:00,5.5,2700000,0.2
BROOKLYN,Derelict Vehicles,2,2026-10-04,2026-10-06T19:59:48.152025+00:00,3.0,2700000,0.11
BROOKLYN,Dirty Condition,50,2026-10-04,2026-10-06T19:59:48.152025+00:00,58.0,2700000,2.15
BROOKLYN,Drinking,6,2026-10-04,2026-10-06T19:59:48.152025+00:00,6.5,2700000,0.24
BROOKLYN,Drug Activity,6,2026-10-04,2026-10-06T19:59:48.152025+00:00,3.5,2700000,0.13
BROOKLYN,Dumpster Complaint,1,2026-10-04,2026-10-06T19:59:48.152025+00:00,1.0,2700000,0.04
BROOKLYN,ELECTRIC,33,2026-10-04,2026-10-06T19:59:48.152025+00:00,24.5,2700000,0.91
BROOKLYN,Electrical,1,2026-10-04,2026-10-06T19:59:48.152025+00:00,2.0,2700000,0.07
BROOKLYN,Elevator,6,2026-10-04,2026-10-06T19:59:48.152025+00:00,8.0,2700000,0.3
BROOKLYN,Encampment,19,2026-10-04,2026-10-06T19:59:48.152025+00:00,15.5,2700000,0.57
BROOKLYN,FLOORING/STAIRS,24,2026-10-04,2026-10-06T19:59:48.152025+00:00,20.5,2700000,0.76
BROOKLYN,Food Establishment,7,2026-10-04,2026-10-06T19:59:48.152025+00:00,16.0,2700000,0.59
BROOKLYN,Food Poisoning,3,2026-10-04,2026-10-06T19:59:48.152025+00:00,2.0,2700000,0.07
BROOKLYN,For Hire Vehicle Complaint,11,2026-10-04,2026-10-06T19:59:48.152025+00:00,15.0,2700000,0.56
BROOKLYN,GENERAL,20,2026-10-04,2026-10-06T19:59:48.152025+00:00,25.5,2700000,0.94
BROOKLYN,General Construction/Plumbing,24,2026-10-04,2026-10-06T19:59:48.152025+00:00,23.0,2700000,0.85
BROOKLYN,Graffiti,6,2026-10-04,2026-10-06T19:59:48.152025+00:00,5.0,2700000,0.19
BROOKLYN,Green Infrastructure,1,2026-10-04,2026-10-06T19:59:48.152025+00:00,1.0,2700000,0.04
BROOKLYN,HEAT/HOT WATER,96,2026-10-04,2026-10-06T19:59:48.152025+00:00,78.0,2700000,2.89
BROOKLYN,Highway Condition,2,2026-10-04,2026-10-06T19:59:48.152025+00:00,1.5,2700000,0.06
BROOKLYN,Homeless Person Assistance,16,2026-10-04,2026-10-06T19:59:48.152025+00:00,19.5,2700000,0.72
BROOKLYN,Illegal Animal Sold,1,2026-10-04,2026-10-06T19:59:48.152025+00:00,1.5,2700000,0.06
BROOKLYN,Illegal Dumping,34,2026-10-04,2026-10-06T19:59:48.152025+00:00,31.5,2700000,1.17
BROOKLYN,Illegal Parking,696,2026-10-04,2026-10-06T19:59:48.152025+00:00,707.5,2700000,26.2
BROOKLYN,Illegal Posting,1,2026-10-04,2026-10-06T19:59:48.152025+00:00,3.0,2700000,0.11
BROOKLYN,Illegal Tree Damage,6,2026-10-04,2026-10-06T19:59:48.152025+00:00,6.0,2700000,0.22
BROOKLYN,Indoor Air Quality,7,2026-10-04,2026-10-06T19:59:48.152025+00:00,7.0,2700000,0.26
BROOKLYN,Indoor Sewage,2,2026-10-04,2026-10-06T19:59:48.152025+00:00,2.0,2700000,0.07
BROOKLYN,Industrial Waste,1,2026-10-04,2026-10-06T19:59:48.152025+00:00,2.0,2700000,0.07
BROOKLYN,Investigations and Discipline (IAD),1,2026-10-04,2026-10-06T19:59:48.152025+00:00,1.5,2700000,0.06
BROOKLYN,Lead,10,2026-10-04,2026-10-06T19:59:48.152025+00:00,8.5,2700000,0.31
BROOKLYN,Litter Basket Complaint,4,2026-10-04,2026-10-06T19:59:48.152025+00:00,3.0,2700000,0.11
BROOKLYN,Litter Basket Request,9,2026-10-04,2026-10-06T19:59:48.152025+00:00,5.5,2700000,0.2
BROOKLYN,Lot Condition,1,2026-10-04,2026-10-06T19:59:48.152025+00:00,1.5,2700000,0.06
BROOKLYN,Maintenance or Facility,21,2026-10-04,2026-10-06T19:59:48.152025+00:00,24.0,2700000,0.89
BROOKLYN,Missed Collection,28,2026-10-04,2026-10-06T19:59:48.152025+00:00,31.5,2700000,1.17
BROOKLYN,Mobile Food Vendor,2,2026-10-04,2026-10-06T19:59:48.152025+00:00,1.5,2700000,0.06
BROOKLYN,Noise,48,2026-10-04,2026-10-06T19:59:48.152025+00:00,65.5,2700000,2.43
BROOKLYN,Noise - Commercial,110,2026-10-04,2026-10-06T19:59:48.152025+00:00,150.5,2700000,5.57
BROOKLYN,Noise - House of Worship,1,2026-10-04,2026-10-06T19:59:48.152025+00:00,1.0,2700000,0.04
BROOKLYN,Noise - Park,12,2026-10-04,2026-10-06T19:59:48.152025+00:00,15.0,2700000,0.56
BROOKLYN,Noise - Residential,491,2026-10-04,2026-10-06T19:59:48.152025+00:00,571.5,2700000,21.17
BROOKLYN,Noise - Street/Sidewalk,202,2026-10-04,2026-10-06T19:59:48.152025+00:00,276.0,2700000,10.22
BROOKLYN,Noise - Vehicle,40,2026-10-04,2026-10-06T19:59:48.152025+00:00,44.5,2700000,1.65
BROOKLYN,Non-Emergency Police Matter,19,2026-10-04,2026-10-06T19:59:48.152025+00:00,15.0,2700000,0.56
BROOKLYN,OUTSIDE BUILDING,3,2026-10-04,2026-10-06T19:59:48.152025+00:00,4.5,2700000,0.17
BROOKLYN,Obstruction,6,2026-10-04,2026-10-06T19:59:48.152025+00:00,10.5,2700000,0.39
BROOKLYN,Outdoor Dining,3,2026-10-04,2026-10-06T19:59:48.152025+00:00,3.5,2700000,0.13
BROOKLYN,Overgrown Tree/Branches,15,2026-10-04,2026-10-06T19:59:48.152025+00:00,15.0,2700000,0.56
BROOKLYN,PAINT/PLASTER,52,2026-10-04,2026-10-06T19:59:48.152025+00:00,44.5,2700000,1.65
BROOKLYN,PLUMBING,30,2026-10-04,2026-10-06T19:59:48.152025+00:00,28.0,2700000,1.04
BROOKLYN,Panhandling,7,2026-10-04,2026-10-06T19:59:48.152025+00:00,7.0,2700000,0.26
BROOKLYN,Plumbing,3,2026-10-04,2026-10-06T19:59:48.152025+00:00,2.0,2700000,0.07
BROOKLYN,Real Time Enforcement,2,2026-10-04,2026-10-06T19:59:48.152025+00:00,2.5,2700000,0.09
BROOKLYN,Residential Disposal Complaint,12,2026-10-04,2026-10-06T19:59:48.152025+00:00,12.0,2700000,0.44
BROOKLYN,Rodent,18,2026-10-04,2026-10-06T19:59:48.152025+00:00,22.0,2700000,0.81
BROOKLYN,Root/Sewer/Sidewalk Condition,4,2026-10-04,2026-10-06T19:59:48.152025+00:00,3.5,2700000,0.13
BROOKLYN,SAFETY,18,2026-10-04,2026-10-06T19:59:48.152025+00:00,22.5,2700000,0.83
BROOKLYN,Sewer Maintenance,10,2026-10-04,2026-10-06T19:59:48.152025+00:00,12.0,2700000,0.44
BROOKLYN,Sidewalk Condition,12,2026-10-04,2026-10-06T19:59:48.152025+00:00,17.0,2700000,0.63
BROOKLYN,Smoking or Vaping,17,2026-10-04,2026-10-06T19:59:48.152025+00:00,12.5,2700000,0.46
BROOKLYN,Special Projects Inspection Team (SPIT),2,2026-10-04,2026-10-06T19:59:48.152025+00:00,2.5,2700000,0.09
BROOKLYN,Street Condition,15,2026-10-04,2026-10-06T19:59:48.152025+00:00,19.5,2700000,0.72
BROOKLYN,Street Light Condition,23,2026-10-04,2026-10-06T19:59:48.152025+00:00,22.5,2700000,0.83
BROOKLYN,Street Sign - Damaged,1,2026-10-04,2026-10-06T19:59:48.152025+00:00,1.5,2700000,0.06
BROOKLYN,Street Sign - Dangling,1,2026-10-04,2026-10-06T19:59:48.152025+00:00,1.0,2700000,0.04
BROOKLYN,Street Sign - Missing,1,2026-10-04,2026-10-06T19:59:48.152025+00:00,1.5,2700000,0.06
BROOKLYN,Traffic,6,2026-10-04,2026-10-06T19:59:48.152025+00:00,4.0,2700000,0.15
BROOKLYN,Traffic Signal Condition,14,2026-10-04,2026-10-06T19:59:48.152025+00:00,27.5,2700000,1.02
BROOKLYN,UNSANITARY CONDITION,99,2026-10-04,2026-10-06T19:59:48.152025+00:00,90.5,2700000,3.35
BROOKLYN,Unleashed Dog,1,2026-10-04,2026-10-06T19:59:48.152025+00:00,1.0,2700000,0.04
BROOKLYN,Urinating in Public,1,2026-10-04,2026-10-06T19:59:48.152025+00:00,1.0,2700000,0.04
BROOKLYN,Vendor Enforcement,5,2026-10-04,2026-10-06T19:59:48.152025+00:00,6.5,2700000,0.24
BROOKLYN,Violation of Park Rules,4,2026-10-04,2026-10-06T19:59:48.152025+00:00,6.5,2700000,0.24
BROOKLYN,WATER LEAK,45,2026-10-04,2026-10-06T19:59:48.152025+00:00,40.5,2700000,1.5
BROOKLYN,Water Conservation,3,2026-10-04,2026-10-06T19:59:48.152025+00:00,3.0,2700000,0.11
BROOKLYN,Water Maintenance,15,2026-10-04,2026-10-06T19:59:48.152025+00:00,26.0,2700000,0.96
BROOKLYN,Wood Pile Remaining,1,2026-10-04,2026-10-06T19:59:48.152025+00:00,1.5,2700000,0.06
MANHATTAN,APPLIANCE,9,2026-10-04,2026-10-06T19:59:48.152025+00:00,9.5,1600000,0.59
MANHATTAN,Abandoned Bike,1,2026-10-04,2026-10-06T19:59:48.152025+00:00,1.0,1600000,0.06
MANHATTAN,Abandoned Vehicle,3,2026-10-04,2026-10-06T19:59:48.152025+00:00,4.0,1600000,0.25
MANHATTAN,Air Quality,4,2026-10-04,2026-10-06T19:59:48.152025+00:00,6.0,1600000,0.38
MANHATTAN,Animal in a Park,1,2026-10-04,2026-10-06T19:59:48.152025+00:00,4.5,1600000,0.28
MANHATTAN,Animal-Abuse,8,2026-10-04,2026-10-06T19:59:48.152025+00:00,9.5,1600000,0.59
MANHATTAN,Bike Rack,1,2026-10-04,2026-10-06T19:59:48.152025+00:00,1.0,1600000,0.06
MANHATTAN,Bike/Roller/Skate,2,2026-10-04,2026-10-06T19:59:48.152025+00:00,1.5,1600000,0.09
MANHATTAN,Blocked Driveway,12,2026-10-04,2026-10-06T19:59:48.152025+00:00,13.0,1600000,0.81
MANHATTAN,Building/Use,9,2026-10-04,2026-10-06T19:59:48.152025+00:00,6.5,1600000,0.41
MANHATTAN,Bus Stop Shelter Complaint,5,2026-10-04,2026-10-06T19:59:48.152025+00:00,4.0,1600000,0.25
MANHATTAN,Cannabis Retailer,3,2026-10-04,2026-10-06T19:59:48.152025+00:00,4.5,1600000,0.28
MANHATTAN,Commercial Disposal Complaint,4,2026-10-04,2026-10-06T19:59:48.152025+00:00,3.0,1600000,0.19
MANHATTAN,Consumer Complaint,15,2026-10-04,2026-10-06T19:59:48.152025+00:00,24.5,1600000,1.53
MANHATTAN,DOOR/WINDOW,23,2026-10-04,2026-10-06T19:59:48.152025+00:00,23.5,1600000,1.47
MANHATTAN,Damaged Tree,3,2026-10-04,2026-10-06T19:59:48.152025+00:00,7.0,1600000,0.44
MANHATTAN,Day Care,2,2026-10-04,2026-10-06T19:59:48.152025+00:00,2.0,1600000,0.12
MANHATTAN,Dead Animal,2,2026-10-04,2026-10-06T19:59:48.152025+00:00,2.0,1600000,0.12
MANHATTAN,Dead/Dying Tree,2,2026-10-04,2026-10-06T19:59:48.152025+00:00,2.0,1600000,0.12
MANHATTAN,Dirty Condition,30,2026-10-04,2026-10-06T19:59:48.152025+00:00,38.5,1600000,2.41
MANHATTAN,Drinking,2,2026-10-04,2026-10-06T19:59:48.152025+00:00,4.0,1600000,0.25
MANHATTAN,Drug Activity,2,2026-10-04,2026-10-06T19:59:48.152025+00:00,4.5,1600000,0.28
MANHATTAN,ELECTRIC,15,2026-10-04,2026-10-06T19:59:48.152025+00:00,18.5,1600000,1.16
MANHATTAN,ELEVATOR,1,2026-10-04,2026-10-06T19:59:48.152025+00:00,1.5,1600000,0.09
MANHATTAN,Electrical,2,2026-10-04,2026-10-06T19:59:48.152025+00:00,1.5,1600000,0.09
MANHATTAN,Elevator,12,2026-10-04,2026-10-06T19:59:48.152025+00:00,12.5,1600000,0.78
MANHATTAN,Emergency Response Team (ERT),2,2026-10-04,2026-10-06T19:59:48.152025+00:00,4.0,1600000,0.25
MANHATTAN,Encampment,59,2026-10-04,2026-10-06T19:59:48.152025+00:00,65.5,1600000,4.09
MANHATTAN,FLOORING/STAIRS,11,2026-10-04,2026-10-06T19:59:48.152025+00:00,11.5,1600000,0.72
MANHATTAN,Food Establishment,19,2026-10-04,2026-10-06T19:59:48.152025+00:00,16.0,1600000,1.0
MANHATTAN,Food Poisoning,2,2026-10-04,2026-10-06T19:59:48.152025+00:00,3.0,1600000,0.19
MANHATTAN,For Hire Vehicle Complaint,22,2026-10-04,2026-10-06T19:59:48.152025+00:00,27.0,1600000,1.69
MANHATTAN,GENERAL,16,2026-10-04,2026-10-06T19:59:48.152025+00:00,21.5,1600000,1.34
MANHATTAN,General Construction/Plumbing,14,2026-10-04,2026-10-06T19:59:48.152025+00:00,18.5,1600000,1.16
MANHATTAN,Graffiti,8,2026-10-04,2026-10-06T19:59:48.152025+00:00,12.5,1600000,0.78
MANHATTAN,HEAT/HOT WATER,82,2026-10-04,2026-10-06T19:59:48.152025+00:00,79.5,1600000,4.97
MANHATTAN,Hazardous Material,1,2026-10-04,2026-10-06T19:59:48.152025+00:00,1.0,1600000,0.06
MANHATTAN,Highway Condition,2,2026-10-04,2026-10-06T19:59:48.152025+00:00,3.5,1600000,0.22
MANHATTAN,Homeless Person Assistance,59,2026-10-04,2026-10-06T19:59:48.152025+00:00,69.5,1600000,4.34
MANHATTAN,Illegal Dumping,5,2026-10-04,2026-10-06T19:59:48.152025+00:00,14.0,1600000,0.87
MANHATTAN,Illegal Parking,182,2026-10-04,2026-10-06T19:59:48.152025+00:00,215.5,1600000,13.47
MANHATTAN,Illegal Posting,1,2026-10-04,2026-10-06T19:59:48.152025+00:00,1.5,1600000,0.09
MANHATTAN,Illegal Tree Damage,1,2026-10-04,2026-10-06T19:59:48.152025+00:00,1.5,1600000,0.09
MANHATTAN,Indoor Air Quality,4,2026-10-04,2026-10-06T19:59:48.152025+00:00,4.5,1600000,0.28
MANHATTAN,Industrial Waste,1,2026-10-04,2026-10-06T19:59:48.152025+00:00,1.0,1600000,0.06
MANHATTAN,Lead,5,2026-10-04,2026-10-06T19:59:48.152025+00:00,6.0,1600000,0.38
MANHATTAN,Lifeguard,1,2026-10-04,2026-10-06T19:59:48.152025+00:00,1.0,1600000,0.06
MANHATTAN,LinkNYC,1,2026-10-04,2026-10-06T19:59:48.152025+00:00,1.0,1600000,0.06
MANHATTAN,Litter Basket Complaint,1,2026-10-04,2026-10-06T19:59:48.152025+00:00,2.0,1600000,0.12
MANHATTAN,Litter Basket Request,6,2026-10-04,2026-10-06T19:59:48.152025+00:00,4.0,1600000,0.25
MANHATTAN,Lost Property,18,2026-10-04,2026-10-06T19:59:48.152025+00:00,15.0,1600000,0.94
MANHATTAN,Lot Condition,1,2026-10-04,2026-10-06T19:59:48.152025+00:00,1.5,1600000,0.09
MANHATTAN,Maintenance or Facility,15,2026-10-04,2026-10-06T19:59:48.152025+00:00,20.0,1600000,1.25
MANHATTAN,Missed Collection,22,2026-10-04,2026-10-06T19:59:48.152025+00:00,17.0,1600000,1.06
MANHATTAN,Mobile Food Vendor,2,2026-10-04,2026-10-06T19:59:48.152025+00:00,3.5,1600000,0.22
MANHATTAN,New Tree Request,1,2026-10-04,2026-10-06T19:59:48.152025+00:00,1.0,1600000,0.06
MANHATTAN,Noise,54,2026-10-04,2026-10-06T19:59:48.152025+00:00,76.5,1600000,4.78
MANHATTAN,Noise - Commercial,101,2026-10-04,2026-10-06T19:59:48.152025+00:00,148.5,1600000,9.28
MANHATTAN,Noise - Helicopter,3,2026-10-04,2026-10-06T19:59:48.152025+00:00,6.0,1600000,0.38
MANHATTAN,Noise - Park,6,2026-10-04,2026-10-06T19:59:48.152025+00:00,14.0,1600000,0.87
MANHATTAN,Noise - Residential,300,2026-10-04,2026-10-06T19:59:48.152025+00:00,387.0,1600000,24.19
MANHATTAN,Noise - Street/Sidewalk,224,2026-10-04,2026-10-06T19:59:48.152025+00:00,343.5,1600000,21.47
MANHATTAN,Noise - Vehicle,50,2026-10-04,2026-10-06T19:59:48.152025+00:00,50.0,1600000,3.12
MANHATTAN,Non-Emergency Police Matter,17,2026-10-04,2026-10-06T19:59:48.152025+00:00,20.5,1600000,1.28
MANHATTAN,OUTSIDE BUILDING,2,2026-10-04,2026-10-06T19:59:48.152025+00:00,1.5,1600000,0.09
MANHATTAN,Obstruction,10,2026-10-04,2026-10-06T19:59:48.152025+00:00,9.0,1600000,0.56
MANHATTAN,Outdoor Dining,10,2026-10-04,2026-10-06T19:59:48.152025+00:00,14.0,1600000,0.87
MANHATTAN,Overgrown Tree/Branches,2,2026-10-04,2026-10-06T19:59:48.152025+00:00,2.5,1600000,0.16
MANHATTAN,PAINT/PLASTER,20,2026-10-04,2026-10-06T19:59:48.152025+00:00,19.0,1600000,1.19
MANHATTAN,PLUMBING,29,2026-10-04,2026-10-06T19:59:48.152025+00:00,33.0,1600000,2.06
MANHATTAN,Panhandling,15,2026-10-04,2026-10-06T19:59:48.152025+00:00,19.0,1600000,1.19
MANHATTAN,Plumbing,1,2026-10-04,2026-10-06T19:59:48.152025+00:00,2.0,1600000,0.12
MANHATTAN,Residential Disposal Complaint,8,2026-10-04,2026-10-06T19:59:48.152025+00:00,5.5,1600000,0.34
MANHATTAN,Rodent,13,2026-10-04,2026-10-06T19:59:48.152025+00:00,15.0,1600000,0.94
MANHATTAN,Root/Sewer/Sidewalk Condition,2,2026-10-04,2026-10-06T19:59:48.152025+00:00,2.0,1600000,0.12
MANHATTAN,SAFETY,8,2026-10-04,2026-10-06T19:59:48.152025+00:00,7.0,1600000,0.44
MANHATTAN,Sewer Maintenance,5,2026-10-04,2026-10-06T19:59:48.152025+00:00,5.5,1600000,0.34
MANHATTAN,Sidewalk Condition,10,2026-10-04,2026-10-06T19:59:48.152025+00:00,7.0,1600000,0.44
MANHATTAN,Smoking or Vaping,4,2026-10-04,2026-10-06T19:59:48.152025+00:00,7.0,1600000,0.44
MANHATTAN,Street Condition,20,2026-10-04,2026-10-06T19:59:48.152025+00:00,19.0,1600000,1.19
MANHATTAN,Street Light Condition,8,2026-10-04,2026-10-06T19:59:48.152025+00:00,13.5,1600000,0.84
MANHATTAN,Street Sign - Damaged,1,2026-10-04,2026-10-06T19:59:48.152025+00:00,4.5,1600000,0.28
MANHATTAN,Street Sign - Missing,5,2026-10-04,2026-10-06T19:59:48.152025+00:00,4.0,1600000,0.25
MANHATTAN,Street Sweeping Complaint,2,2026-10-04,2026-10-06T19:59:48.152025+00:00,3.5,1600000,0.22
MANHATTAN,Taxi Complaint,20,2026-10-04,2026-10-06T19:59:48.152025+00:00,17.5,1600000,1.09
MANHATTAN,Taxi Compliment,1,2026-10-04,2026-10-06T19:59:48.152025+00:00,1.0,1600000,0.06
MANHATTAN,Taxi Report,1,2026-10-04,2026-10-06T19:59:48.152025+00:00,2.0,1600000,0.12
MANHATTAN,Traffic,23,2026-10-04,2026-10-06T19:59:48.152025+00:00,25.0,1600000,1.56
MANHATTAN,Traffic Signal Condition,18,2026-10-04,2026-10-06T19:59:48.152025+00:00,21.0,1600000,1.31
MANHATTAN,UNSANITARY CONDITION,72,2026-10-04,2026-10-06T19:59:48.152025+00:00,70.5,1600000,4.41
MANHATTAN,Unleashed Dog,1,2026-10-04,2026-10-06T19:59:48.152025+00:00,1.5,1600000,0.09
MANHATTAN,Unsanitary Pigeon Condition,2,2026-10-04,2026-10-06T19:59:48.152025+00:00,3.0,1600000,0.19
MANHATTAN,Uprooted Stump,1,2026-10-04,2026-10-06T19:59:48.152025+00:00,1.0,1600000,0.06
MANHATTAN,Urinating in Public,5,2026-10-04,2026-10-06T19:59:48.152025+00:00,4.5,1600000,0.28
MANHATTAN,Vendor Enforcement,14,2026-10-04,2026-10-06T19:59:48.152025+00:00,26.5,1600000,1.66
MANHATTAN,Violation of Park Rules,2,2026-10-04,2026-10-06T19:59:48.152025+00:00,5.0,1600000,0.31
MANHATTAN,WATER LEAK,22,2026-10-04,2026-10-06T19:59:48.152025+00:00,21.0,1600000,1.31
MANHATTAN,Water Conservation,1,2026-10-04,2026-10-06T19:59:48.152025+00:00,1.0,1600000,0.06
MANHATTAN,Water Maintenance,9,2026-10-04,2026-10-06T19:59:48.152025+00:00,16.0,1600000,1.0
QUEENS,APPLIANCE,10,2026-10-04,2026-10-06T19:59:48.152025+00:00,6.0,2400000,0.25
QUEENS,Abandoned Bike,3,2026-10-04,2026-10-06T19:59:48.152025+00:00,2.5,2400000,0.1
QUEENS,Abandoned Vehicle,54,2026-10-04,2026-10-06T19:59:48.152025+00:00,61.5,2400000,2.56
QUEENS,Air Quality,3,2026-10-04,2026-10-06T19:59:48.152025+00:00,4.0,2400000,0.17
QUEENS,Animal-Abuse,7,2026-10-04,2026-10-06T19:59:48.152025+00:00,10.5,2400000,0.44
QUEENS,Blocked Driveway,243,2026-10-04,2026-10-06T19:59:48.152025+00:00,256.5,2400000,10.69
QUEENS,Building/Use,19,2026-10-04,2026-10-06T19:59:48.152025+00:00,21.0,2400000,0.87
QUEENS,Bus Stop Shelter Placement,1,2026-10-04,2026-10-06T19:59:48.152025+00:00,1.5,2400000,0.06
QUEENS,Cannabis Retailer,1,2026-10-04,2026-10-06T19:59:48.152025+00:00,3.5,2400000,0.15
QUEENS,Consumer Complaint,10,2026-10-04,2026-10-06T19:59:48.152025+00:00,9.5,2400000,0.4
QUEENS,Curb Condition,5,2026-10-04,2026-10-06T19:59:48.152025+00:00,3.5,2400000,0.15
QUEENS,DOOR/WINDOW,10,2026-10-04,2026-10-06T19:59:48.152025+00:00,8.5,2400000,0.35
QUEENS,Damaged Tree,30,2026-10-04,2026-10-06T19:59:48.152025+00:00,33.5,2400000,1.4
QUEENS,Dead Animal,7,2026-10-04,2026-10-06T19:59:48.152025+00:00,14.5,2400000,0.6
QUEENS,Dead/Dying Tree,9,2026-10-04,2026-10-06T19:59:48.152025+00:00,9.5,2400000,0.4
QUEENS,Derelict Vehicles,5,2026-10-04,2026-10-06T19:59:48.152025+00:00,8.5,2400000,0.35
QUEENS,Dirty Condition,33,2026-10-04,2026-10-06T19:59:48.152025+00:00,36.5,2400000,1.52
QUEENS,Drinking,7,2026-10-04,2026-10-06T19:59:48.152025+00:00,5.5,2400000,0.23
QUEENS,Drug Activity,4,2026-10-04,2026-10-06T19:59:48.152025+00:00,6.0,2400000,0.25
QUEENS,Dumpster Complaint,1,2026-10-04,2026-10-06T19:59:48.152025+00:00,2.0,2400000,0.08
QUEENS,ELECTRIC,15,2026-10-04,2026-10-06T19:59:48.152025+00:00,13.0,2400000,0.54
QUEENS,Electrical,1,2026-10-04,2026-10-06T19:59:48.152025+00:00,1.0,2400000,0.04
QUEENS,Elevator,4,2026-10-04,2026-10-06T19:59:48.152025+00:00,5.0,2400000,0.21
QUEENS,Encampment,10,2026-10-04,2026-10-06T19:59:48.152025+00:00,10.5,2400000,0.44
QUEENS,FLOORING/STAIRS,9,2026-10-04,2026-10-06T19:59:48.152025+00:00,6.0,2400000,0.25
QUEENS,Food Establishment,4,2026-10-04,2026-10-06T19:59:48.152025+00:00,4.0,2400000,0.17
QUEENS,For Hire Vehicle Complaint,6,2026-10-04,2026-10-06T19:59:48.152025+00:00,5.0,2400000,0.21
QUEENS,GENERAL,31,2026-10-04,2026-10-06T19:59:48.152025+00:00,27.5,2400000,1.15
QUEENS,General Construction/Plumbing,15,2026-10-04,2026-10-06T19:59:48.152025+00:00,18.0,2400000,0.75
QUEENS,Graffiti,11,2026-10-04,2026-10-06T19:59:48.152025+00:00,6.0,2400000,0.25
QUEENS,Green Taxi Complaint,1,2026-10-04,2026-10-06T19:59:48.152025+00:00,1.0,2400000,0.04
QUEENS,Green Taxi Report,1,2026-10-04,2026-10-06T19:59:48.152025+00:00,1.0,2400000,0.04
QUEENS,HEAT/HOT WATER,31,2026-10-04,2026-10-06T19:59:48.152025+00:00,25.5,2400000,1.06
QUEENS,Highway Condition,6,2026-10-04,2026-10-06T19:59:48.152025+00:00,6.5,2400000,0.27
QUEENS,Homeless Person Assistance,14,2026-10-04,2026-10-06T19:59:48.152025+00:00,10.5,2400000,0.44
QUEENS,Illegal Dumping,26,2026-10-04,2026-10-06T19:59:48.152025+00:00,33.5,2400000,1.4
QUEENS,Illegal Fireworks,1,2026-10-04,2026-10-06T19:59:48.152025+00:00,3.5,2400000,0.15
QUEENS,Illegal Parking,654,2026-10-04,2026-10-06T19:59:48.152025+00:00,651.0,2400000,27.12
QUEENS,Illegal Posting,1,2026-10-04,2026-10-06T19:59:48.152025+00:00,1.5,2400000,0.06
QUEENS,Illegal Tree Damage,3,2026-10-04,2026-10-06T19:59:48.152025+00:00,2.0,2400000,0.08
QUEENS,Indoor Air Quality,11,2026-10-04,2026-10-06T19:59:48.152025+00:00,8.5,2400000,0.35
QUEENS,Indoor Sewage,1,2026-10-04,2026-10-06T19:59:48.152025+00:00,1.5,2400000,0.06
QUEENS,Industrial Waste,2,2026-10-04,2026-10-06T19:59:48.152025+00:00,2.0,2400000,0.08
QUEENS,Lead,7,2026-10-04,2026-10-06T19:59:48.152025+00:00,7.0,2400000,0.29
QUEENS,LinkNYC,1,2026-10-04,2026-10-06T19:59:48.152025+00:00,1.0,2400000,0.04
QUEENS,Litter Basket Complaint,3,2026-10-04,2026-10-06T19:59:48.152025+00:00,2.0,2400000,0.08
QUEENS,Litter Basket Request,1,2026-10-04,2026-10-06T19:59:48.152025+00:00,1.5,2400000,0.06
QUEENS,Lost Property,4,2026-10-04,2026-10-06T19:59:48.152025+00:00,2.5,2400000,0.1
QUEENS,Maintenance or Facility,17,2026-10-04,2026-10-06T19:59:48.152025+00:00,20.0,2400000,0.83
QUEENS,Missed Collection,40,2026-10-04,2026-10-06T19:59:48.152025+00:00,40.5,2400000,1.69
QUEENS,Mobile Food Vendor,1,2026-10-04,2026-10-06T19:59:48.152025+00:00,1.5,2400000,0.06
QUEENS,New Tree Request,1,2026-10-04,2026-10-06T19:59:48.152025+00:00,1.0,2400000,0.04
QUEENS,Noise,34,2026-10-04,2026-10-06T19:59:48.152025+00:00,42.5,2400000,1.77
QUEENS,Noise - Commercial,70,2026-10-04,2026-10-06T19:59:48.152025+00:00,91.0,2400000,3.79
QUEENS,Noise - Park,21,2026-10-04,2026-10-06T19:59:48.152025+00:00,34.5,2400000,1.44
QUEENS,Noise - Residential,431,2026-10-04,2026-10-06T19:59:48.152025+00:00,519.0,2400000,21.62
QUEENS,Noise - Street/Sidewalk,109,2026-10-04,2026-10-06T19:59:48.152025+00:00,180.5,2400000,7.52
QUEENS,Noise - Vehicle,95,2026-10-04,2026-10-06T19:59:48.152025+00:00,101.5,2400000,4.23
QUEENS,Non-Emergency Police Matter,23,2026-10-04,2026-10-06T19:59:48.152025+00:00,24.0,2400000,1.0
QUEENS,Obstruction,17,2026-10-04,2026-10-06T19:59:48.152025+00:00,14.5,2400000,0.6
QUEENS,Overgrown Tree/Branches,19,2026-10-04,2026-10-06T19:59:48.152025+00:00,21.0,2400000,0.87
QUEENS,PAINT/PLASTER,20,2026-10-04,2026-10-06T19:59:48.152025+00:00,15.5,2400000,0.65
QUEENS,PLUMBING,21,2026-10-04,2026-10-06T19:59:48.152025+00:00,19.0,2400000,0.79
QUEENS,Panhandling,4,2026-10-04,2026-10-06T19:59:48.152025+00:00,4.0,2400000,0.17
QUEENS,Plumbing,2,2026-10-04,2026-10-06T19:59:48.152025+00:00,2.0,2400000,0.08
QUEENS,Real Time Enforcement,1,2026-10-04,2026-10-06T19:59:48.152025+00:00,2.0,2400000,0.08
QUEENS,Residential Disposal Complaint,7,2026-10-04,2026-10-06T19:59:48.152025+00:00,7.5,2400000,0.31
QUEENS,Rodent,14,2026-10-04,2026-10-06T19:59:48.152025+00:00,11.5,2400000,0.48
QUEENS,Root/Sewer/Sidewalk Condition,8,2026-10-04,2026-10-06T19:59:48.152025+00:00,7.0,2400000,0.29
QUEENS,SAFETY,1,2026-10-04,2026-10-06T19:59:48.152025+00:00,3.5,2400000,0.15
QUEENS,Sewer Maintenance,12,2026-10-04,2026-10-06T19:59:48.152025+00:00,14.5,2400000,0.6
QUEENS,Sidewalk Condition,9,2026-10-04,2026-10-06T19:59:48.152025+00:00,10.5,2400000,0.44
QUEENS,Smoking or Vaping,4,2026-10-04,2026-10-06T19:59:48.152025+00:00,2.5,2400000,0.1
QUEENS,Special Projects Inspection Team (SPIT),2,2026-10-04,2026-10-06T19:59:48.152025+00:00,2.5,2400000,0.1
QUEENS,Street Condition,35,2026-10-04,2026-10-06T19:59:48.152025+00:00,29.5,2400000,1.23
QUEENS,Street Light Condition,19,2026-10-04,2026-10-06T19:59:48.152025+00:00,21.0,2400000,0.87
QUEENS,Street Sign - Dangling,2,2026-10-04,2026-10-06T19:59:48.152025+00:00,4.0,2400000,0.17
QUEENS,Street Sign - Missing,2,2026-10-04,2026-10-06T19:59:48.152025+00:00,1.5,2400000,0.06
QUEENS,Street Sweeping Complaint,1,2026-10-04,2026-10-06T19:59:48.152025+00:00,7.5,2400000,0.31
QUEENS,Taxi Complaint,19,2026-10-04,2026-10-06T19:59:48.152025+00:00,14.5,2400000,0.6
QUEENS,Traffic,5,2026-10-04,2026-10-06T19:59:48.152025+00:00,5.5,2400000,0.23
QUEENS,Traffic Signal Condition,19,2026-10-04,2026-10-06T19:59:48.152025+00:00,25.5,2400000,1.06
QUEENS,UNSANITARY CONDITION,37,2026-10-04,2026-10-06T19:59:48.152025+00:00,37.0,2400000,1.54
QUEENS,Unleashed Dog,1,2026-10-04,2026-10-06T19:59:48.152025+00:00,1.5,2400000,0.06
QUEENS,Unsanitary Animal Pvt Property,1,2026-10-04,2026-10-06T19:59:48.152025+00:00,2.0,2400000,0.08
QUEENS,Vendor Enforcement,6,2026-10-04,2026-10-06T19:59:48.152025+00:00,9.5,2400000,0.4
QUEENS,Violation of Park Rules,3,2026-10-04,2026-10-06T19:59:48.152025+00:00,3.0,2400000,0.12
QUEENS,WATER LEAK,15,2026-10-04,2026-10-06T19:59:48.152025+00:00,11.5,2400000,0.48
QUEENS,Waste Water Treatment Plant,1,2026-10-04,2026-10-06T19:59:48.152025+00:00,1.0,2400000,0.04
QUEENS,Water Maintenance,12,2026-10-04,2026-10-06T19:59:48.152025+00:00,21.5,2400000,0.9
QUEENS,Water Quality,1,2026-10-04,2026-10-06T19:59:48.152025+00:00,1.5,2400000,0.06
QUEENS,Wood Pile Remaining,3,2026-10-04,2026-10-06T19:59:48.152025+00:00,2.0,2400000,0.08
STATEN ISLAND,APPLIANCE,1,2026-10-04,2026-10-06T19:59:48.152025+00:00,1.0,496000,0.2
STATEN ISLAND,Abandoned Vehicle,12,2026-10-04,2026-10-06T19:59:48.152025+00:00,14.0,496000,2.82
STATEN ISLAND,Air Quality,1,2026-10-04,2026-10-06T19:59:48.152025+00:00,2.0,496000,0.4
STATEN ISLAND,Animal-Abuse,2,2026-10-04,2026-10-06T19:59:48.152025+00:00,2.5,496000,0.5
STATEN ISLAND,Blocked Driveway,11,2026-10-04,2026-10-06T19:59:48.152025+00:00,12.0,496000,2.42
STATEN ISLAND,Building/Use,2,2026-10-04,2026-10-06T19:59:48.152025+00:00,2.5,496000,0.5
STATEN ISLAND,Bus Stop Shelter Placement,1,2026-10-04,2026-10-06T19:59:48.152025+00:00,1.0,496000,0.2
STATEN ISLAND,Curb Condition,1,2026-10-04,2026-10-06T19:59:48.152025+00:00,1.0,496000,0.2
STATEN ISLAND,DOOR/WINDOW,1,2026-10-04,2026-10-06T19:59:48.152025+00:00,1.0,496000,0.2
STATEN ISLAND,Damaged Tree,3,2026-10-04,2026-10-06T19:59:48.152025+00:00,6.5,496000,1.31
STATEN ISLAND,Dead Animal,2,2026-10-04,2026-10-06T19:59:48.152025+00:00,1.5,496000,0.3
STATEN ISLAND,Dead/Dying Tree,3,2026-10-04,2026-10-06T19:59:48.152025+00:00,2.5,496000,0.5
STATEN ISLAND,Dirty Condition,8,2026-10-04,2026-10-06T19:59:48.152025+00:00,9.0,496000,1.81
STATEN ISLAND,Drug Activity,1,2026-10-04,2026-10-06T19:59:48.152025+00:00,1.0,496000,0.2
STATEN ISLAND,ELECTRIC,2,2026-10-04,2026-10-06T19:59:48.152025+00:00,1.5,496000,0.3
STATEN ISLAND,Encampment,1,2026-10-04,2026-10-06T19:59:48.152025+00:00,2.5,496000,0.5
STATEN ISLAND,FLOORING/STAIRS,1,2026-10-04,2026-10-06T19:59:48.152025+00:00,1.0,496000,0.2
STATEN ISLAND,Food Establishment,1,2026-10-04,2026-10-06T19:59:48.152025+00:00,1.5,496000,0.3
STATEN ISLAND,General Construction/Plumbing,3,2026-10-04,2026-10-06T19:59:48.152025+00:00,3.5,496000,0.71
STATEN ISLAND,Graffiti,3,2026-10-04,2026-10-06T19:59:48.152025+00:00,3.0,496000,0.6
STATEN ISLAND,HEAT/HOT WATER,2,2026-10-04,2026-10-06T19:59:48.152025+00:00,2.0,496000,0.4
STATEN ISLAND,Hazardous Material,1,2026-10-04,2026-10-06T19:59:48.152025+00:00,1.0,496000,0.2
STATEN ISLAND,Highway Condition,1,2026-10-04,2026-10-06T19:59:48.152025+00:00,1.0,496000,0.2
STATEN ISLAND,Homeless Person Assistance,3,2026-10-04,2026-10-06T19:59:48.152025+00:00,2.0,496000,0.4
STATEN ISLAND,Illegal Animal Kept as Pet,1,2026-10-04,2026-10-06T19:59:48.152025+00:00,1.0,496000,0.2
STATEN ISLAND,Illegal Dumping,5,2026-10-04,2026-10-06T19:59:48.152025+00:00,5.0,496000,1.01
STATEN ISLAND,Illegal Parking,63,2026-10-04,2026-10-06T19:59:48.152025+00:00,51.0,496000,10.28
STATEN ISLAND,Illegal Posting,4,2026-10-04,2026-10-06T19:59:48.152025+00:00,4.0,496000,0.81
STATEN ISLAND,Illegal Tree Damage,2,2026-10-04,2026-10-06T19:59:48.152025+00:00,1.5,496000,0.3
STATEN ISLAND,Indoor Air Quality,1,2026-10-04,2026-10-06T19:59:48.152025+00:00,1.0,496000,0.2
STATEN ISLAND,Lead,1,2026-10-04,2026-10-06T19:59:48.152025+00:00,1.0,496000,0.2
STATEN ISLAND,Missed Collection,11,2026-10-04,2026-10-06T19:59:48.152025+00:00,14.5,496000,2.92
STATEN ISLAND,Noise,13,2026-10-04,2026-10-06T19:59:48.152025+00:00,11.5,496000,2.32
STATEN ISLAND,Noise - Commercial,8,2026-10-04,2026-10-06T19:59:48.152025+00:00,9.5,496000,1.92
STATEN ISLAND,Noise - Park,1,2026-10-04,2026-10-06T19:59:48.152025+00:00,1.0,496000,0.2
STATEN ISLAND,Noise - Residential,54,2026-10-04,2026-10-06T19:59:48.152025+00:00,70.5,496000,14.21
STATEN ISLAND,Noise - Street/Sidewalk,2,2026-10-04,2026-10-06T19:59:48.152025+00:00,6.5,496000,1.31
STATEN ISLAND,Noise - Vehicle,2,2026-10-04,2026-10-06T19:59:48.152025+00:00,2.5,496000,0.5
STATEN ISLAND,Non-Emergency Police Matter,5,2026-10-04,2026-10-06T19:59:48.152025+00:00,6.5,496000,1.31
STATEN ISLAND,Obstruction,8,2026-10-04,2026-10-06T19:59:48.152025+00:00,6.0,496000,1.21
STATEN ISLAND,Overgrown Tree/Branches,5,2026-10-04,2026-10-06T19:59:48.152025+00:00,8.0,496000,1.61
STATEN ISLAND,PAINT/PLASTER,2,2026-10-04,2026-10-06T19:59:48.152025+00:00,3.5,496000,0.71
STATEN ISLAND,PLUMBING,1,2026-10-04,2026-10-06T19:59:48.152025+00:00,2.0,496000,0.4
STATEN ISLAND,Residential Disposal Complaint,3,2026-10-04,2026-10-06T19:59:48.152025+00:00,2.0,496000,0.4
STATEN ISLAND,Root/Sewer/Sidewalk Condition,1,2026-10-04,2026-10-06T19:59:48.152025+00:00,3.5,496000,0.71
STATEN ISLAND,Sewer Maintenance,5,2026-10-04,2026-10-06T19:59:48.152025+00:00,3.5,496000,0.71
STATEN ISLAND,Sidewalk Condition,7,2026-10-04,2026-10-06T19:59:48.152025+00:00,10.0,496000,2.02
STATEN ISLAND,Street Condition,5,2026-10-04,2026-10-06T19:59:48.152025+00:00,6.0,496000,1.21
STATEN ISLAND,Street Light Condition,19,2026-10-04,2026-10-06T19:59:48.152025+00:00,14.0,496000,2.82
STATEN ISLAND,Street Sign - Damaged,1,2026-10-04,2026-10-06T19:59:48.152025+00:00,1.0,496000,0.2
STATEN ISLAND,Traffic,1,2026-10-04,2026-10-06T19:59:48.152025+00:00,1.0,496000,0.2
STATEN ISLAND,Traffic Signal Condition,2,2026-10-04,2026-10-06T19:59:48.152025+00:00,2.0,496000,0.4
STATEN ISLAND,UNSANITARY CONDITION,1,2026-10-04,2026-10-06T19:59:48.152025+00:00,8.0,496000,1.61
STATEN ISLAND,Unsanitary Animal Pvt Property,2,2026-10-04,2026-10-06T19:59:48.152025+00:00,2.0,496000,0.4
STATEN ISLAND,Water Maintenance,6,2026-10-04,2026-10-06T19:59:48.152025+00:00,11.5,496000,2.32
Unspecified,Dead/Dying Tree,1,2026-10-04,2026-10-06T19:59:48.152025+00:00,1.0,,
Unspecified,Food Establishment,1,2026-10-04,2026-10-06T19:59:48.152025+00:00,1.5,,
Unspecified,Taxi Complaint,3,2026-10-04,2026-10-06T19:59:48.152025+00:00,2.5,,
Unspecified,Taxi Report,1,2026-10-04,2026-10-06T19:59:48.152025+00:00,1.0,,
